sentence_id,path,dialect_region,sentence,ipa_reference,ipa_audio,ipa_swiss_whisper
0,248e0121-1803-4980-a746-17ffbd799791/5078c5102078ec2104c1ed87847af3921e41b03339936aa9457546d9cd130905.mp3,Ostschweiz,Das bedeutet f√ľr uns einerseits die LOVA mit allen ihren Sparmassnahmen voranzutreiben.,das b…ôd…Ē√łt…ôt fyňź…ĺ  äns a…™n…úza…™ts diňź loňźv…Ďňź m…™t al…ôn iňźr…ôn  Épa…ĺmasn…Ďňźm…ôn foňźrantsuňźt…ĺa…™b…ôn,gas b…ôdyňźt…ô fyňźr√łňźz a…™n…õ…ĺza…™ts gloňźv…Ďňź m…™t aln…ô eňźr…™ Épa…ĺm…Ďňźs n…Ďňźm…ô fr…Ďňźts t…ĺ…õb…ô,das b…ôd…Ē√łt…ôt fyňź…ĺ  äns a…™n…úza…™ts diňź loňźv…Ďňź m…™t al…ôn iňźr…ú  Épa…ĺmasn…Ďňźm…ôn foňźrantsuňźt…ĺa…™b…ôn
1,7f4b1ca8-c652-4056-96fb-f02e82182574/064dbdb71df93a71d2d3ed1583c2ccdaf3df973ebecb8f68bdee222ca3821d3e.mp3,Ostschweiz,Vorgeschlagen ist Stefan Zubler.,foňź…ĺ…°…ô Él…Ďňź…°…ôn …™st  Éteňźf…Ďňźn ts äbl…ú,f…Ēňźgslaňźk…õňź …™st…ô  Ét…õf…Ďňźn tsuňźbl…Ēňź,foňź…ĺ…°…ô Él…Ďňź…°…ôn …™st  Éteňźf…Ďňźn ts äbl…ú
2,937d2af6-fc16-47b1-a53b-4dee4accc211/24604fecba57b11d8018885e7c72de781eb7bab468db373f8b6db8643b4c4fd3.mp3,Ostschweiz,Aber das geh√∂rt zum politischen Prozess.,…Ďňźb…ú das …°…ôhŇď…ĺt ts äm poňźliňźt…™ É…ôn p…ĺoňźts…õs,ap…Ēd…Ďňźs k√łňźp ts äm politi Ée p…Ēňźts…õs,…Ďňźb…ú diňźs …°…ôhŇď…ĺt ts äm poňźliňźt…™ É…ôn p…ĺoňźts…õs
3,7f4b1ca8-c652-4056-96fb-f02e82182574/9e6ce779a78ee0bef68b4410f8e42467bdc2ccb97a161035ec8dfa21a7ec5875.mp3,Ostschweiz,Ausserdem soll der Fokus auf Partnerschaften mit anderen Titeln gelegt werden.,a äszeňź…ĺd…ôm z…Ēl d…õ…ĺ foňźk äs a äf pa…ĺtn…ú Éaft…ôn m…™t and…ôr…ôn tiňźt…ôln …°…ôleňźkt v…õ…ĺd…ôn, äs…õ…ĺ d…õm s√łňźd…ô foňźk…ĺ äs d…Ēf p…Ďňź…ĺt…ôn Éaft…ô m…™k and…ôrn…ô diňźt…ôlgla…™t v…õ…ĺd…ô,a äszeňź…ĺd…ôm z…Ēlt…ô d…õ…ĺ foňźk äs a äf pa…ĺtn…ú Éaft…ôn m…™t and…ôr…ôn tiňźt…ôln …°…ôleňźkt v…õ…ĺd…ôn
4,0bda2f56-850b-4930-9370-89ba5bb5e80a/d5f8380d7d2051159a6f7e7213bf5542d4410cac16d54a9114357ce738836689.mp3,Ostschweiz,In diesem haben die Printmedien je einen Sitz.,…™n diňźz…ôm h…Ďňźb…ôn diňź p…ĺ…™ntmeňźd…™…ôn jeňź a…™n…ôn z…™ts,iňźd…ôm h…õnt b…™nt meňźt…™…ĺ hiňź…ĺ a…™nz…™ts,…™n diňźz…ôm h…Ďňźb…ôn diňź p…ĺ…™ntmeňźd…™…ôn jeňź a…™n…ôn z…™ts
5,a677eda9-7709-4c9d-8656-e7b665140f3b/9486f7170b9f619df3464bf30f9b61d02f3ef811587184920d66ad315dd45708.mp3,Ostschweiz,"Nein, die GLP hat keine Vertretung gehabt.",na…™n diňź …°eňź…õlpeňź hat ka…™n…ô f…õ…ĺt…ĺeňźt äŇč …°…ôh…Ďňźpt,na…™ g…õl pi h…ôt k…Ēňźz…ô d…ĺ…õt…™k…Ďňź,na…™n diňź …°eňź…õlpeňź hat…ô ka…™n…ô f…õ…ĺt…ĺeňźt äŇč
6,831d404d-b189-42b6-8120-073c1f8af73c/655ea189ebcf1acfedaf7a8960552b187d02c617dbd84c211a0589243c571805.mp3,Ostschweiz,Vermutlich haben aber auch noch gute Erinnerungen bei der Auswahl mitgespielt.,f…õ…ĺmuňźtl…™√ß h…Ďňźb…ôn …Ďňźb…ú a äx n…Ēx …°uňźt…ô …õ…ĺ…™n…ôr äŇč…ôn ba…™ d…õ…ĺ a äsv…Ďňźl m…™t…°…ô Épiňźlt,f…Ēňźmwňź…ô t…Ēx h…õnt ap…ĺa än…Ēn kwňź…õt…™…ĺ …ĺ…™nd…ĺik…ô p…õt…ô  äsval m…™t g Épiňźlt,f…õ…ĺmuňźtl…™√ß h…Ďňźb…ôn ziňź …Ďňźb…ú a äx n…Ēx …°uňźt…ô …õ…ĺ…™n…ôr äŇč…ôn ba…™ d…õ…ĺ a äsv…Ďňźl m…™t…°…ô Épiňźlt
7,7f4b1ca8-c652-4056-96fb-f02e82182574/61f891ffc5c66e11114314e40cc016b6530bbf9c6b47bea96ab7320fcebe6418.mp3,Ostschweiz,Der Bundesrat misst dieser Expo grosse Bedeutung zu.,d…õ…ĺ b änd…ôsr…Ďňźt m…™st diňźz…ú …õkspoňź …°…ĺ…Ēs…ô b…ôd…Ē√łt äŇč tsuňź,d…õ b änd…õs r…Ďňźd miňźst t…õr…õ xňźb…Ēňź g…ĺ…Ēňźsiňźb…õd j…™t…õk ts ä…õ,d…õ…ĺ b änd…ôsr…Ďňźt m…™st diňźz…ú …õkspoňź …°…ĺ…Ēs…ô b…ôd…Ē√łt äŇč tsuňź
8,d9be733d-d0bd-41bb-8dc5-dfcabb99c105/feed593fb52f8547fd127c7e0b3c8d8911893819a407c667bf9c8ae9e4ba8331.mp3,Ostschweiz,Vor gut zehn Jahren stellte sich das Wetter um.,f…Ē…ĺ …°uňźt tseňźn j…Ďňźr…ôn  Ét…õlt…ô z…™√ß das v…õt…ú  äm,f…Ēňźkw…õts…õ j…Ďňźh…õtsyňź sv…õt…õ …Ēňźm…Ēňź Ét…õlt,f…Ēn …°uňźt tseňźn j…Ďňźr…ôn  Ét…õlt…ô z…™√ß das v…õt…ú  äm
9,a677eda9-7709-4c9d-8656-e7b665140f3b/e8668c70ad19000bbe92bb072c942ef1f777c0b89e2d3a60b044d7c03cb5bc38.mp3,Ostschweiz,√úber ein F√ľnftel davon geht auf das Konto der j√ľngsten Produkte.,yňźb…ú a…™n f Źnft…ôl d…Ďňźf…Ēn …°eňźt a äf das k…Ēntoňź d…õ…ĺ j ŹŇčst…ôn p…ĺoňźd äkt…ô,yňźb…Ļ…ôn vyňźft…ôl f…Ē deňźm g…Ēňźt…õvz t…Ļ…Ēmd…Ēh f…Ēňźr √įiňź j Źn Ét…ô p…Ēňźd äkt,yňźb…ú a…™n f Źnft…ôl d…Ďňźf…Ēn …°eňźt a äf das k…Ēntoňź d…õ…ĺ j ŹŇčst…ôn p…ĺoňźd äkt…ô
10,684dd9cf-2844-407b-9a7f-12e7b559773f/a6b5705618c364064253589e048e57318c498c38b3315146b544367a8eeadb40.mp3,Ostschweiz,Doch deshalb muss keiner auf Luxus und Leistung verzichten.,d…Ēx d…õshalp m äs ka…™n…ú a äf l äks äs  änt la…™st äŇč f…õ…ĺts…™√ßt…ôn,d…Ēx d…Ďňźm…ô m äs k…õn…ô fl äts…ôl zoňźd la…™ Ét…ô diňź diňź diňź z…™√ßt…ô,d…Ēx d…õshalp m äs ka…™n…ú a äf l äks äs  änt la…™st äŇč f…õ…ĺts…™√ßt…ôn
11,937d2af6-fc16-47b1-a53b-4dee4accc211/9a2cc75ff894146e2c339e0eeadc5d5b096d92de23025a9a2dbe90b041ec2d02.mp3,Ostschweiz,Auch bei den Rolling Stones wird man rasch und √ľppig f√ľndig.,a äx ba…™ deňźn r…Ēl…™Ňč  Étoňźn…ôs v…™…ĺt man ra É  änt  Źp…™√ß f Źnd…™√ß,a ä b…™d…õ roňźd…™Ňčsta äns v…™…ĺt m…Ďňźra É  änt yňźp…™k fyňźnd…™k,a äx ba…™ deňźn r…Ēl…™Ňč  Étoňźn…ôs v…™…ĺt man ra É  änt  Źp…™√ß f Źnd…™√ß
12,72911186-8b0e-4c0b-af3d-4d8765072930/80fcaab34ca71501f0dc49caac9435efabd488ec8774c0c11d93b947b3d2c9a4.mp3,Ostschweiz,Im Hotel Regina entstanden die Kandidatinnen-Videos.,…™m hoňźt…ôl reňź…°iňźn…Ďňź …õnt Étand…ôn diňź kandiňźd…Ďt…™n…ônviňźdeňźoňźs,…™mh…Ēňźt deňźr r…õg…õňźn…õ z…™nt k…Ďňźnd…™d…Ďňźt d…õ…ĺ biňźt…™oňź z…õnt  Étand…ô,…™m hoňźt…ôl reňź…°iňźn…Ďňź …õnt Étand…ôn kandiňźd…Ďt…ônviňźdeňźoňźs
13,7434adf8-538b-48d6-8bab-c1af135ce063/f5fffd0b560da5fce0295eabea103416cf0a50f47167206cb71f60ecef558fbc.mp3,Ostschweiz,Jeder sollte die eigenen F√§higkeiten gut einsch√§tzen k√∂nnen.,jeňźd…ú z…Ēlt…ô diňź a…™…°…ôn…ôn f…õňź…™√ßka…™t…ôn …°uňźt a…™n É…õts…ôn kŇďn…ôn,j…õt…ô z√łt diňź a…™g…ôn…ô f…õlk…ĺa…™t…ô g ä…źt tiňź É …õts…™√ß äln…ô,jeňźd…ú z…Ēlt…ô diňź a…™…°…ôn…ôn f…õňź…™√ßka…™t…ôn …°uňźt a…™n É…õts…ôn kŇďn…ôn
14,937d2af6-fc16-47b1-a53b-4dee4accc211/9cea1a838c576f0201a3608fc3098335d956dbd112f75910703643ebb632a7c0.mp3,Ostschweiz,Den letzten und wichtigsten Schritt hat der Meister noch zu bew√§ltigen.,deňźn l…õtst…ôn  änt v…™√ßt…™√ßst…ôn  Ér…™t hat d…õ…ĺ ma…™st…ú n…Ēx tsuňź b…ôv…õlt…™…°…ôn,…õl…ôtst  än v…™√ßt…™kst  Ériňźt h…õt…ôn ma…™st…Ď m…Ďts b…ôv…õlt…™g…ôn,d…õ…ĺ l…õtst…ô  änt v…™√ßt…™√ßst…ô  Ér…™t hat deňźn ma…™st…ú n…Ēx tsuňź b…ôv…õlt…™…°…ôn
15,7f4b1ca8-c652-4056-96fb-f02e82182574/7c0aa6c2b34662b2ca55f75569d0f1d2f917bce544cc6f60579d7a8321232f2e.mp3,Ostschweiz,"Die Betriebskosten wurden um 1,7 Prozent reduziert.",diňź b…ôt…ĺiňźpsk…Ēst…ôn v ä…źd…ôn  äm a…™ns ziňźb…ôn p…ĺoňźts…õnt reňźduňźtsiňź…ĺt,bet…ĺeňźbs xŇď Ét…õ ziňźn duňźm a…™s k…Ēmasiňźv…õ p…ĺ…Ēts…õnt…ĺ…õt…Ētsiňź…ĺpv…Ēňźd…õn,diňź b…ôt…ĺiňźpsk…Ēst…ôn v ä…źd…ôn  äm a…™ns ziňźb…ôn p…ĺoňźts…õnt reňźduňźtsiňź…ĺt
16,72911186-8b0e-4c0b-af3d-4d8765072930/61068be523940c1e9bd987acfbc95cd60b6447762485525d8f036527d6003ee7.mp3,Ostschweiz,Das gigantische Unterfangen ist nicht ohne Kritiker.,das …°iňź…°ant…™ É…ô  änt…úfaŇč…ôn …™st n…™√ßt oňźn…ô k…ĺiňźtiňźk…ú,…™gant…™ É…ô  änt…ôfaŇč…õ…ĺ …™√ß n…õt oňźn …™k…ĺ…™t…™k…ĺa,das …°iňź…°ant…™ É…ô  änt…úfaŇč…ôn …™st n…™√ßt oňźn…ô k…ĺiňźtiňźk…ú
17,248e0121-1803-4980-a746-17ffbd799791/33d9aea9f217352ecc8a6e66b0c655b65927bcf518aaf35bb16524b753b85e33.mp3,Ostschweiz,Dies gaben fast die H√§lfte aller befragten Frauen an.,diňźs …°…Ďňźb…ôn fast diňź h…õlft…ô al…ú b…ôfr…Ďňźkt…ôn fra ä…ôn an,…Ďňźz a…™nf…Ďňź Ék h…õlft diňź f…Ēňź…ĺ al…ôn…ô b…ôfr…Ďňźkt…ô fra ä…õ…ĺ n…Ďňźg…ô,diňźs h…Ďňźb…ôn fast diňź h…õlft…ô al…ú b…ôfr…Ďňźkt…ôn fra ä…ôn an…°…ô…°eňźb…ôn
18,248e0121-1803-4980-a746-17ffbd799791/4751f6193dc6042b67f69820a4c5b39fbd84e4133c288f4a98f2fff3a62d2de7.mp3,Ostschweiz,Die G√§ste waren zu einem Luxus-Abendessen mit gleichzeitiger Zirkus-Vorf√ľhrung gekommen.,diňź …°…õst…ô v…Ďňźr…ôn tsuňź a…™n…ôm l äks äs…Ďňźb…ônd…õs…ôn m…™t …°la…™√ßtsa…™t…™…°…ú ts…™…ĺk äsfoňź…ĺfyňźr äŇč …°…ôk…Ēm…ôn,g…õ…™√ßts…™nd…õn n…õ…ĺ…ęuňźksuňźz…™n a…ĺb…ônd…õs…ô miňźgl…™√ßts…™t…™g…ôn tsj…Ďk…ĺ äs f…Ē…ĺ fyňź…ĺ…™k…ô xoňź,…°…õst…ô k…Ďňźm…ôn  Éoňźn a…™n l äksuňźz…Ďb…ônd…õs…ôn m…™t …°la…™√ßtsa…™t…™…°…ôm ts…™…ĺk äsfoňź…ĺfyňźr äŇč
19,8d167b1c-7f89-4487-a0a9-2bbe08bf0b41/b13cbf63e74ca8de2368c4d1b5532d2143ae933fb722c731e6b11dd153a160bf.mp3,Ostschweiz,Die T√ľren haben keine Griffe und √∂ffnen sich bei Ber√ľhrung automatisch.,diňź tyňźr…ôn h…Ďňźb…ôn ka…™n…ô …°…ĺ…™f…ô  änt Ňďfn…ôn z…™√ß ba…™ b…ôryňźr äŇč a ätoňźm…Ďňźt…™ É,tyra…™nk…ĺ…õg…ĺiňźf  änd…ô√łvn…ô t…™√ß a ät…Ēm…Ďňźt…™ É v…õm…õňźziňź b…ôryňź…ĺt,diňź tyňźr…ôn h…Ďňźb…ôn ka…™n…ôn …°…ĺ…™f  änt Ňďfn…ôn z…™√ß a ätoňźm…Ďňźt…™ É v…õn man ziňź b…ôryňź…ĺt
20,d9be733d-d0bd-41bb-8dc5-dfcabb99c105/f562c055cf99e1e7061218021d5e0259777b548465d58f49466718b403750d4c.mp3,Ostschweiz,Der japanische Aktienmarkt ist mit Gewinnen in die neue Woche gestartet.,d…õ…ĺ jap…Ďn…™ É…ô aktiňźnma…ĺkt …™st m…™t …°…ôv…™n…ôn …™n diňź n…Ē√ł…ô v…Ēx…ô …°…ô Éta…ĺt…ôt,d…õ…ĺ j…õp…Ďňźn…™√ß akts…õm…õ…ĺt …™n m…™k v…™n …™d…™ n…Ē√łguňźx…ô g…ôstalt…ôt,d…õ…ĺ jap…Ďn…™ É…ô aktiňźnma…ĺkt …™st m…™t …°…ôv…™n …™n diňź n…Ē√ł…ô v…Ēx…ô …°…ô Étalt…ôt
21,72911186-8b0e-4c0b-af3d-4d8765072930/6d51aec7c5fb832e5fceb07b34b3596ac9f32c55949b924d8f5dcc8c4f8112ee.mp3,Ostschweiz,Dieser Anteil ist in den vergangenen Jahrzehnten ausserdem am st√§rksten gewachsen.,diňźz…ú anta…™l …™st …™n deňźn f…õ…ĺ…°aŇč…ôn…ôn j…Ďňź…ĺtseňźnt…ôn a äszeňź…ĺd…ôm am  Ét…õ…ĺkst…ôn …°…ôvaxz…ôn,da…™t…™l a…™t…™l …™ É …™l d…õn f…õrg…õŇčl…™ j…Ďňźts…ônt …Ēs…™d…ôm …Ďňźm st…õrb Ét…õr gwa…™s…ô,diňźz…ú anta…™l …™st …™n deňźn f…õ…ĺ…°aŇč…ôn…ôn j…Ďňź…ĺtseňźnt…ôn a äszeňź…ĺd…ôm am  Ét…õ…ĺkst…ôn …°…ôvaxz…ôn
22,8d167b1c-7f89-4487-a0a9-2bbe08bf0b41/3706c58f99199253c15196f00cd3f1a537546fff50c6cf5fb6aedd6c41c41004.mp3,Ostschweiz,Aber solche Ereignisse ver√§ndern die westlichen Gesellschaften nicht grundlegend.,…Ďňźb…ú z…Ēl√ß…ô …õ…ĺa…™…°n…™s…ô f…õ…ĺ…õnd…ún diňź v…õstl…™√ß…ôn …°…ôz…õl Éaft…ôn n…™√ßt …°…ĺ ändleňź…°…ônt,aňźb…Ďňźs√łt…™g…ô ra…™g…ôn …™s f…õ…ĺ…õnd…ôr…ô iňź v…õ É…ôl…ôk s…õl Éaft…ôn n√łt g…ĺ ändl…ôg…ônt,…Ďňźb…ú z…Ēl√ß…ô …õ…ĺa…™…°n…™s…ô f…õ…ĺ…õnd…ún diňź v…õstl…™√ß…ôn …°…ôz…õl Éaft…ôn n…™√ßt …°…ĺ ändleňź…°…ônt
23,248e0121-1803-4980-a746-17ffbd799791/508bacf210f096354621e76744a9ae34bcacf871600b5bcf23636b6b02b87242.mp3,Ostschweiz,H√§ufig kommen Neukunden g√ľnstiger weg.,h…Ē√łf…™√ß k…Ēm…ôn n…Ē√łk änd…ôn …° Źnst…™…°…ú v…õk,√łfiňźk k…ĺ…õm…ô n…Ē√łk k…ĺ änd…ô gŇďnst…™k…õ…ĺ v…õk,h…Ē√łf…™√ß k…Ēm…ôn n…Ē√ł…ô k änd…ôn …° Źnst…™…°…ú v…õk
24,0bda2f56-850b-4930-9370-89ba5bb5e80a/51400d1e4c2d7e07a42214353ad6d9a2dc16ef0173d7bcb82e3eb76da2e25c6f.mp3,Ostschweiz,√úberdies wird ja fast die H√§lfte davon von ausl√§ndischen F√ľhrungskr√§ften besetzt.,yňźb…údiňźs v…™…ĺt j…Ďňź fast diňź h…õlft…ô d…Ďňźf…Ēn f…Ēn a äsl…õnd…™ É…ôn fyňźr äŇčsk…ĺ…õft…ôn b…ôz…õtst,…™b…Ē…ĺ diňźz …™…ĺt v…Ďňź…ĺ  Ét…õlf diňź t…ôvoňź f…Ēňź äsl…õnt…™ É…ô fiňź…ĺ…™√ß …™n…™n…õlft p…™tst,yňźb…údiňźs v…™…ĺt fast h…õlft…ô …™n deňźn f…Ēnts f…Ēn a äsl…õnd…™ É…ôn fyňźr äŇčsk…ĺ…õft…ôn b…ôz…õtst
25,831d404d-b189-42b6-8120-073c1f8af73c/86d89042040a34b630bbf96c7617d2cbbd23cffc57cb05b16bc5eb5f6b762bb1.mp3,Ostschweiz,Die Umsetzung ist liegt in der Hauptverantwortung des Gemeinderats.,diňź  ämz…õts äŇč …™st liňźkt …™n d…õ…ĺ ha äptf…õ…ĺantv…Ē…ĺt äŇč d…õs …°…ôma…™ndeňźr…Ďňźts, äms…õtz…™k liňźd…™d…õ ha äpt f…Ērantv…Ē…ĺd…™√ß f äm kma…™nt…ĺ…Ē…ĺt,diňź  ämz…õts äŇč liňźkt …™n d…õ…ĺ ha äptf…õ…ĺantv…Ē…ĺt äŇč d…õs …°…ôma…™ndeňźr…Ďňźts
26,72911186-8b0e-4c0b-af3d-4d8765072930/3e1dcf6088cba9400fcb7faac193720b767e12c6cb7e3273f1edbc0f374e7f8d.mp3,Ostschweiz,Jeder hat heutzutage seine Taschenlampe im Handy mit dabei.,jeňźd…ú hat h…Ē√łtsuňźt…Ďňź…°…ô za…™n…ô ta É…ônlamp…ô …™m h…õndiňź m…™t d…Ďňźba…™,j…õ…ĺ…õ h…õt h…Įt…Įt…Įt…Įsinita É…Įl…Įn p…õ …™m h√¶nd…Į mit…Įbi,jeňźd…ú hat h…Ē√łtsuňźt…Ďňź…°…ô za…™n…ô ta É…ônlamp…ôn …™m h…õndiňź m…™t d…Ďňźba…™
27,831d404d-b189-42b6-8120-073c1f8af73c/808feef3c5f7f5b31e901c888b9e31c834deac76790bbb13a438983ea0e145b4.mp3,Ostschweiz,Einerseits der Zeitdruck des Fussballverbandes.,a…™n…úza…™ts d…õ…ĺ tsa…™td…ĺ äk d…õs f äsbalf…úband…ôs,a…™n…™…ĺsiňźts d…õt ts…™pt…ĺ äk f…Ēm fuňź…õspal f…Ēňźbant,a…™n…úza…™ts d…õ…ĺ tsa…™td…ĺ äk d…õs f äsbalf…úband…ôs
28,72911186-8b0e-4c0b-af3d-4d8765072930/ad02b95d29e9c442f99939c3c8be6ba8eeb9e70c42d097ddee0fd5711ca4353a.mp3,Ostschweiz,Es gibt aber auch Nachteile.,…õs …°iňźpt …Ďňźb…ú a äx naxta…™l…ô,…õs g…™t…Ďb…Ď …Ďl n…Ďňźx da…™l,…õs …°iňźpt …Ďňźb…ú a äx naxta…™l…ô
29,a677eda9-7709-4c9d-8656-e7b665140f3b/e7ac001589bf9173df06522473ac2b9ab8d25c4246c500bedae27192284d0a7f.mp3,Ostschweiz,Die T√§nzerin war bereits seit Ende April vermisst worden.,diňź t…õnts…ôr…™n v…Ďňź…ĺ b…ôra…™ts za…™t …õnd…ô ap…ĺiňźl f…õ…ĺm…™st v…Ē…ĺd…ôn,diňź…ĺ da…™nts…ôreňźn iňź Ép…ôr…Ďňźls ziňźt a…™n d…õ…ĺ p…ĺ…õňźl f…õ…ĺmist v…Ēňźrd…ô,diňźz…ô t…õnts…ôr…™n v ä…źd…ô b…ôra…™ts za…™t …õnd…ô ap…ĺiňźl f…õ…ĺm…™st
30,831d404d-b189-42b6-8120-073c1f8af73c/898638417d8190bfb2b7ab7d42c02183afcdb01b555d417590ea7d4d0781f917.mp3,Ostschweiz,Bei anderen wiederum klang es einfach nur grauenhaft.,ba…™ and…ôr…ôn viňźd…ú äm klaŇč …õs a…™nfax nuňź…ĺ …°…ĺa ä…ônhaft,a…™nt…ôr…ô …™t…ôr äŇč h…õts a…™f…Ēxt no ä g…ĺa ä…õ haft kl äŇč…ô,ba…™ and…ôr…ôn viňźd…ú äm klaŇč …õs a…™nfax nuňź…ĺ …°…ĺa ä…ônhaft
31,8d167b1c-7f89-4487-a0a9-2bbe08bf0b41/981c89a89626ab9588d5d87ca4247c105c7f2f59562835cc9a7caae1a257a386.mp3,Ostschweiz,Diese Informationen k√∂nnen der Homepage des Zukunftsraumes entnommen werden.,diňźz…ô …™nf…Ē…ĺmatsjoňźn…ôn kŇďn…ôn d…õ…ĺ (en)h…ô ämpe…™d í(de) d…õs tsuňźk änftsra äm…ôs …õntn…Ēm…ôn v…õ…ĺd…ôn,…™n…™t…™…ĺ …™mf…Ē…ĺmats…™…Ēn…ôs …™nt  äf deňź ha ämpa…™t É f…Ēm tsuňźrk ämfts…ĺoňźm,diňźz…ô …™nf…Ē…ĺmatsjoňźn…ôn z…™nt a äf d…õ…ĺ (en)h…ô ämpe…™d í(de) d…õs tsuňźk änftsra äm…ôs
32,a677eda9-7709-4c9d-8656-e7b665140f3b/b759dbbaa518c5ec71fa9de237c95cc0e17b29b61f69d3a370c9bbfba90a8786.mp3,Ostschweiz,Die Zahl der Mitarbeiter dagegen blieb beinahe konstant.,diňź ts…Ďňźl d…õ…ĺ m…™ta…ĺba…™t…ú da…°eňź…°…ôn bliňźp ba…™n…Ďňź…ô k…Ēnstant,ts…Ďňźl f…Ēr deňźm…™t…õ…ĺba…™t…õ…ĺ …™s…™n geňźg…ô fast k…Ēnst…Ďňźn bliňźb…ôn,diňź ts…Ďňźl d…õ…ĺ m…™ta…ĺba…™t…ú …™st h…™n…°eňź…°…ôn fast k…Ēnstant …°…ôbliňźb…ôn
33,d9be733d-d0bd-41bb-8dc5-dfcabb99c105/ff212ee79ebd5a02d08ce407b53d523b1e805ed31bd48649341a9bc5a65c9723.mp3,Ostschweiz,Es l√§uft auf Windows oder Mac OS.,…õs l…Ē√łft a äf (en)w…™nd…ô äz(de) oňźd…ú m…Ďňźk oňź…õs,√¶z la äf  Ćv v…™ndo äz o äd…ô m√¶k o äz,…õs l…Ē√łft a äf (en)w…™nd…ô äz(de) oňźd…ú m…Ďňźk oňź…õs
34,684dd9cf-2844-407b-9a7f-12e7b559773f/ddd2f134ab05c97d185d1fe4c57845d625135ade9aad7acf005de619751ffdc5.mp3,Ostschweiz,Das Unwetter dauerte etwa f√ľnf Stunden.,das  änv…õt…ú da ä…út…ô …õtv…Ďňź f Źnf  Ét änd…ôn,tsunv…õt…õ h…õt √łpňź…õts fyňź Ét äŇč duňźr…™t,das  änv…õt…ú da ä…út…ô …õtv…Ďňź f Źnf  Ét änd…ôn
35,684dd9cf-2844-407b-9a7f-12e7b559773f/f49e7efd0840af4e34028802f3b5609891ade7847e3275b21675e61435d865e0.mp3,Ostschweiz,In dieser Zeit kam auch die Rockmusik auf.,…™n diňźz…ú tsa…™t k…Ďňźm a äx diňź r…Ēkmuňźziňźk a äf,eňźt …õ…ĺ…õtsiňźt iňź Éaňźt…Ēk muňźzik uňźf Ā…Ēm,…™n diňźz…ú tsa…™t k…Ďňźm an doňźkmuňźziňźk a äf
36,684dd9cf-2844-407b-9a7f-12e7b559773f/f625ce10873b3b310e11aec3fa4d1fb34569fb2ecc5c3a8c32570ce5ecf20ede.mp3,Ostschweiz,Ansonsten liefen die Gesch√§fte von Goldman Sachs besser als erwartet.,anzoňźnst…ôn liňźf…ôn diňź …°…ô É…õft…ô f…Ēn …°…Ēldm…Ďňźn zaxs b…õs…ú als …õ…ĺva…ĺt…ôt,√¶nd z än É…ô l√¶f …™t b É…õ…ĺf…™t foňź…ĺk…Ēňźr m…Ďn z…Ďňźf speňźs…™r …Ďňźls…ôv…Ďňźlt…™t,anzoňźnst…ôn la äf…ôn diňź …°…ô É…õft…ô f…Ēn …° ätman zaxs b…õs…ú als …õ…ĺva…ĺt…ôt
37,684dd9cf-2844-407b-9a7f-12e7b559773f/af53ae064c629937bd50f318eeff8a48eaccf726cc6652c7792564874d2ed519.mp3,Ostschweiz,Was soll ich denn machen?,vas z…Ēl …™√ß d…õn max…ôn,m…Ďňźseňźl…™d n…õm…Ďňźx…õ,vas z…Ēl …™√ß d…õn tuňźn
38,684dd9cf-2844-407b-9a7f-12e7b559773f/b6701af074124610ec2fde7f3b51ba3f6fa632905a3ac0b16d0f0727ccd9c42f.mp3,Ostschweiz,Deshalb lehnen wir den R√ľckweisungsantrag einstimmig ab.,d…õshalp leňźn…ôn viňź…ĺ deňźn r Źkva…™z äŇčsant…ĺ…Ďňźk a…™n Ét…™m…™√ß ap,d…õs ha…™lb l…õn…ôt miňź…ĺ d…õ…ĺyňźk…ĺiňźz…™ks a…™t…ĺ…Ēk a…™  Étiňźm…™g a äp,d…õshalp leňźn…ôn viňź…ĺ deňźn r Źkva…™z äŇčsant…ĺ…Ďňźk a…™n Ét…™m…™√ß ap
39,72911186-8b0e-4c0b-af3d-4d8765072930/ad0766b90fbc6e7ed0ca9e033274bb5363252137865b6604e46f10f7d0b19d3a.mp3,Ostschweiz,Namen will Jenny noch keine nennen.,n…Ďňźm…ôn v…™l j…õniňź n…Ēx ka…™n…ô n…õn…ôn,n…õm…õ v√łlt t É…õni n…Ēk ka…™n…õn,neňźm…ôn v Ź…ĺd…ô j…õniňź n…Ēx ka…™n…ô n…õn…ôn
40,72911186-8b0e-4c0b-af3d-4d8765072930/8792693907917b5c9239e0c4a64fe4996fefeaa4fd539896dfc799e738b09989.mp3,Ostschweiz,Die Rapper h√§tten zuerst angeh√∂rt werden m√ľssen.,diňź rap…ú h…õt…ôn tsuňźeňź…ĺst an…°…ôhŇď…ĺt v…õ…ĺd…ôn m Źs…ôn,t…ĺ…õp…Ďl h…õ…™t diňź…ĺ Ét …Ďňźk√łňźr d Ź…źld…õ miňź…ĺs…ô,diňź t…ĺ…õp…ú h…õt…ôn tsuňźeňź…ĺst an…°…ôhŇď…ĺt v…õ…ĺd…ôn m Źs…ôn
41,8d167b1c-7f89-4487-a0a9-2bbe08bf0b41/7f53aebb08150c4ee95a25afcb0b149d8507e77cf9f97c717b232c2ae702882a.mp3,Ostschweiz,"Wenn alles verdunkelt ist, besteht ein noch gr√∂sseres Risiko f√ľr Frauen.",v…õn al…ôs f…õ…ĺd änk…ôlt …™st b…ô Éteňźt a…™n n…Ēx …°…ĺŇďs…ôr…ôs riňźziňźkoňź fyňź…ĺ fra ä…ôn,va…™n …Ďl…ôs f…Ēroňźn k…™t…™ É …™n riňźs…™ k…Ēf j…õt fra ä…ôn n…Ďňźgr√łňźs…ô,v…õn al…ôs f…õ…ĺd änk…ôlt …™st …™st das riňźziňźkoňź fyňź…ĺ diňź fra ä…ôn n…Ēx …°…ĺŇďs…ú
42,0bda2f56-850b-4930-9370-89ba5bb5e80a/4b3a3bdba5eb9ae2178b0ea3e017126afba12318b6467889315dd2a7a6b85f0a.mp3,Ostschweiz,W√§hrend den Diskussionen konnte diese aber aus dem Weg ger√§umt werden.,v…õňźr…ônt deňźn d…™sk äsjoňźn…ôn k…Ēnt…ô diňźz…ô …Ďňźb…ú a äs deňźm veňźk …°…ôr…Ē√łmt v…õ…ĺd…ôn,v…õ…ĺant…ô diňźsk äzj…Ēn…ô h…õnt za…™f iňź Ét das a…™b…õ…ĺ äs…ôn b…õ…ĺk…™lt v…Ē…ĺd…ô,veňźr…ônt d…õ…ĺ d…™sk äsjoňźn…ôn v ä…źd…ô diňźs …Ďňźb…ú a äs deňźm veňźk …°…ôrant
43,72911186-8b0e-4c0b-af3d-4d8765072930/a966174be0b6dcaedc80bcf6a4f70e28efaabaf841dec00210ea9a2426f715f9.mp3,Ostschweiz,Aber das k√∂nnen nicht alle.,…Ďňźb…ú das kŇďn…ôn n…™√ßt al…ô,abd…õs x√łntm…õt al…™,…Ďňźb…ú das kŇďn…ôn n…™√ßt al…ô
44,684dd9cf-2844-407b-9a7f-12e7b559773f/c11f8cbc55ca8c9e08b29c4e9790b036e60db6d078025f7a5e46d7b2f754b98d.mp3,Ostschweiz,Eine bessere Regulierung der Branche sei dringend n√∂tig.,a…™n…ô b…õs…ôr…ô reňź…°uňźliňźr äŇč d…õ…ĺ b…ĺan√ß…ô za…™ d…ĺ…™Ňč…ônt n√łňźt…™√ß,…õb…õstriňź r…õgoliňźr…õk pi t…ô p Ā…Ē Ée i Ét…ĻiŇč nŇďtik,a…™n…ô b…õs…ôr…ô reňź…°uňźliňźr äŇč ba…™ deňźn b…ĺ…Ďňźn√ß…ôn …™st d…ĺ…™Ňč…ônt n√łňźt…™√ß
45,8d167b1c-7f89-4487-a0a9-2bbe08bf0b41/75cdeffc09e666e37cb681e14e4f38efb506123e9991771fbd9eb922bd72cdde.mp3,Ostschweiz,Profitieren w√ľrden vor allem die Reichen.,p…ĺoňźfiňźtiňźr…ôn v Ź…ĺd…ôn f…Ē…ĺ al…ôm diňź ra…™√ß…ôn,p…ôroňźf…™t…™r…ôn viňź…ĺ…ĺt…ôt v…ôr…Ďňźl…ôm diňź riňź…£…ô,p…ĺoňźfiňźtiňźr…ôn v Ź…ĺd…ôn f…Ē…ĺ al…ôm diňź ra…™√ß…ôn
46,72911186-8b0e-4c0b-af3d-4d8765072930/824230bf7afbbce3ae7ced633b2a4671c757692ef7698c62073bf68375a0d876.mp3,Ostschweiz,Das Gleichgewicht zwischen den zwei Anliegen ist nicht gen√ľgend austariert.,das …°la…™√ß…°eňźv…™√ßt tsv…™ É…ôn deňźn tsva…™ anliňź…°…ôn …™st n…™√ßt …°…ônyňź…°…ônt a ästariňź…ĺt,sgl…™√ßt gviňźxt tsv…™ É…ô d…õn…ô ba…™d…ô a…ĺd…™√ß…ô …™ Én…ôk n√łňźg…ôn d äst…õ…ĺ p…õ…ĺt,das …°la…™√ß…ô …°…ôv…™√ßt tsv…™ É…ôn deňźn ba…™d…ôn …Ďňź…ĺd äŇč…ôn …™st n…™√ßt …°…ônyňź…°…ônt a äs…°…ôta äxt
47,684dd9cf-2844-407b-9a7f-12e7b559773f/c89667bd3f7df31ddf222d4b81c65b171b7e4e0016b98e6f816141bcf0e7b3d8.mp3,Ostschweiz,Irgendwann w√ľrden die Leute f√ľr etwas so Wertvolles wieder zahlen wollen.,…™…ĺ…°…ôndvan v Ź…ĺd…ôn diňź l…Ē√łt…ô fyňź…ĺ …õtv…Ďňźs zoňź v…õ…ĺtf…Ēl…ôs viňźd…ú ts…Ďňźl…ôn v…Ēl…ôn,eňźg…ôn veňźnveňźn v…™…ĺd…ôt lyňźt fyňźs…úňź √łňźp…™s v…õ…ĺtf…Ēňźlz viňźd…úts…Ďňźl…ô v√łňźl…ô,…™…ĺ…°…ôndvan v Ź…ĺd…ôn diňź l…Ē√łt…ô viňźd…ú fyňź…ĺ zoňź …õtv…Ďňźs v…õ…ĺtf…Ēl…ôs b…ôts…Ďňźl…ôn v…Ēl…ôn
48,937d2af6-fc16-47b1-a53b-4dee4accc211/75b36e895c8d10ba6d738e505b79f54dd3bd502508df4ebe51a498466d06c06e.mp3,Ostschweiz,Das neue Fahrzeug ist f√ľr praktisch s√§mtliche Aufgaben √ľberdimensioniert.,das n…Ē√ł…ô f…Ďňź…ĺts…Ē√łk …™st fyňź…ĺ p…ĺakt…™ É z…õmtl…™√ß…ô a äf…°…Ďňźb…ôn yňźb…údiňźm…õnz…™oňźniňź…ĺt,d…õ…ĺ n…Ēj…õ fa…ĺtsyňźkiňźz fyňźrp…ĺ…õkt…™ É s…õmtl…™√ß…™ uňźfg…Ēňźb…ô yňźp…Ēd…™m…ôn z…™…Ēn…™…Ēnt,d…õ…ĺ n…Ē√ł…ô f…Ďňź…ĺts…Ē√łk …™st fyňź…ĺ p…ĺakt…™ É z…õmtl…™√ß…ô a äf…°…Ďňźb…ôn yňźb…údiňźm…õnz…™oňźniňź…ĺt
49,72911186-8b0e-4c0b-af3d-4d8765072930/6d378dc8f60aafe7c6bb12deb2f3fc6e6a68d74927454388e77ccd66e45d7b9c.mp3,Ostschweiz,Diese Geschichte hat ein grosses Aber.,diňźz…ô …°…ô É…™√ßt…ô hat a…™n …°…ĺ…Ēs…ôs …Ďňźb…ú,a…™m  É…™xt h…™lt als g…Ēňźs…™s …Ďňźb…Ďňź,…°…ô É…™√ßt…ô hat a…™n …°…ĺ…Ēs…ôs …Ďňźb…ú
50,8d167b1c-7f89-4487-a0a9-2bbe08bf0b41/a93e9f4872f086a27d94ffb6eb07cb6f348604d70d345b5cb29adb44603346e6.mp3,Ostschweiz,Kunden mit guter Bonit√§t k√∂nnten noch niedrigere S√§tze erreichen.,k änd…ôn m…™t …°uňźt…ú boňźniňźt…õňźt kŇďnt…ôn n…Ēx niňźd…ĺ…™…°…ôr…ô z…õts…ô …õ…ĺra…™√ß…ôn,k änd…ô m…™t …ĺ…ôk ä…ôt…ôp…Ēn…™t…ôt kŇďŇčt…ô n…Ďniňźd…ĺ…™k…ôr…ôs…õt s…õra…™√ß…ô,k änd…ôn m…™t a…™n…ú …°uňźt…ôn boňźniňźt…õňźt kŇďnt…ôn n…Ēx niňźd…ĺ…™…°…ôr…ô z…õts…ô …õ…ĺra…™√ß…ôn
51,937d2af6-fc16-47b1-a53b-4dee4accc211/6af77b9fa900e6a4d1e72d49ee5e536a42269f9581a2d46204e7be44e76d4d03.mp3,Ostschweiz,Dieser Plan hatte zu Beginn der Woche zu neuerlichen Protesten gef√ľhrt.,diňźz…ú pl…Ďňźn hat…ô tsuňź b…ô…°…™n d…õ…ĺ v…Ēx…ô tsuňź n…Ē√ł…úl…™√ß…ôn p…ĺoňźt…õst…ôn …°…ôfyňź…ĺt,…™n p…ĺan h…õ…ĺ a…™f…ĎŇčsv äx…ôn tsuňź …õ…ĺ n…Ē√łt…ôn p ät…õst gfyňź…ĺt,d…õ…ĺ pl…Ďňźn fyňź…ĺt…ô anfaŇčsv…Ēx…ôn tsuňź …õ…ĺn…Ē√łt…ôn p…ĺoňźt…õst…ôn
52,72911186-8b0e-4c0b-af3d-4d8765072930/99530020b90f4e58ba2591b60afe749c54bb659d335f9addd538e57ca5935de9.mp3,Ostschweiz,Was k√∂nnen wir bei einem Teil verbessern?,vas kŇďn…ôn viňź…ĺ ba…™ a…™n…ôm ta…™l f…õ…ĺb…õs…ún,…õs k…Įňźm mi…ź biňź …õm n…õtaňźiňź f…õb…õswa,das kŇďnt…ô miňź…ĺ ba…™ a…™n…ôm ta…™l f…õ…ĺb…õs…ún
53,831d404d-b189-42b6-8120-073c1f8af73c/29b7e920b76317845ca4c9bb8d144d02056a0a91df38d3db186a0a6608a2c963.mp3,Ostschweiz,"Vielen Dank f√ľr das Votum des Finanzkommissionspr√§sidenten, Fran√ßois Chapuis.",fiňźl…ôn daŇčk fyňź…ĺ das voňźtuňźm d…õs fiňźnantsk…Ēm…™s…™oňźn Ép…ĺ…õňźziňźd…õnt…ôn fransoňź…™s  É…Ďpuňź…™s,fiňźl…ô dant fyňź…ĺ das voňźt äŇč f…Ēn fiňźlants k…ĺom…™s…™ änts p…ĺ…õňźz…™g…õnt fr…Ēsv…Ēs  Éa…ĺpiňźl,fiňźl…ôn daŇčk fyňź…ĺ das voňźtuňźm d…õs fiňźnantsk…Ēm…™s…™oňźn Ép…ĺ…õňźziňźd…õnt…ôn fransoňź…™s  É…Ďpuňź…™s
54,72911186-8b0e-4c0b-af3d-4d8765072930/ba0d351ef84600a4343f13899704159baa5639c02db46e4cd0e3c3b7ba256212.mp3,Ostschweiz,Der Fahrer konnte sp√§ter in Basel angehalten werden.,d…õ…ĺ f…Ďňźr…ú k…Ēnt…ô  Ép…õňźt…ú …™n b…Ďz…ôl an…°…ôhalt…ôn v…õ…ĺd…ôn,…™n f…Ďňźr…ô h…õ…ĺ …õt  Ép…Ďňź…ĺt eňźm b…Ďňźs…ôl x…Ēn…ô akant…ô v…õld…ô,d…õ…ĺ f…Ďňźr…ú k…Ēnt…ô  Ép…õňźt…ú …™n b…Ďz…ôl an…°…ôhalt…ôn v…õ…ĺd…ôn
55,a677eda9-7709-4c9d-8656-e7b665140f3b/ea09c7f527406ca9ce53e25536e7a955e4fb898a7362970ae523aa4dc00683d0.mp3,Ostschweiz,Biden h√§tte mit einem Vorsprung von 20 Millionen Stimmen gewonnen.,biňźd…ôn h…õt…ô m…™t a…™n…ôm foňź…ĺ Ép…ĺ äŇč f…Ēn tsvants…™√ß m…™ljoňźn…ôn  Ét…™m…ôn …°…ôv…Ēn…ôn,…™n…ô ba…™d…ôn h…™t m…™t m…™nf…Ďňź…ĺ Ép än f…Ē…ĺ tsv…Ďňźnsgm…™loňźn…™ É  Étiňźm…ôgv än…ô,biňźd…ôn hat m…™t a…™n…ôm foňź…ĺ Épuňźn f…Ēn tsvants…™√ß m…™oňź  Ét…™m…ôn …°…ôv…Ēn…ôn
56,7f4b1ca8-c652-4056-96fb-f02e82182574/7ceaf0059ebe8f272b5c6591200f2622dc72c05312283e15986692f961836d76.mp3,Ostschweiz,Danach fanden wir unseren Rhythmus.,danax fand…ôn viňź…ĺ  änz…ôr…ôn r Źtm äs,d…õn n…Ďňźx h…õm…õňźx …™z…õn r…™√ßm äskf änd…ô,danax fand…ôn viňź…ĺ  änz…ôr…ôn r Źtm äs
57,831d404d-b189-42b6-8120-073c1f8af73c/c8c0aa433ed968f1a88a79a3aac6ead4bf01cc92e462f363fb22433dfa885d22.mp3,Ostschweiz,Und bei Kindern zeigt sie sich noch oft., änt ba…™ k…™nd…ún tsa…™kt ziňź z…™√ß n…Ēx …Ēft, änt b…ôd…ô k…™nt tsa…™pt z…™√ß tas n…Ēviňźl, änt ba…™ deňźn k…™nd…ún tsa…™kt z…™√ß diňźs n…Ēx fiňźl
58,a677eda9-7709-4c9d-8656-e7b665140f3b/ea59f8d899cf57a8db355ad7dcd11f81c1b7b28f661308943ac31e6a3158adbd.mp3,Ostschweiz,"Ich m√∂chte darum bitten, dass du diese Tradition aufrechterh√§lst.",…™√ß mŇď√ßt…ô d…Ďňźr äm b…™t…ôn das duňź diňźz…ô t…ĺ…Ďdiňźtsjoňźn a äfr…õ√ßt…úh…õňźlst,…™mŇďxt…Ļ äm b…™t…õ…ĺ d…õs duňźdiňź…ĺ t…ĺ…Ďditsiňźoňźn  äf…ĺ…õxt…õ…ĺh…Ďlt…™ É,…™√ß mŇď√ßt…ô d…Ďňźr äm b…™t…ôn das duňź diňźz…ô t…ĺ…Ďdiňźtsjoňźn a äfr…õ√ßt…úhalt…ôn hast
59,248e0121-1803-4980-a746-17ffbd799791/66dc31814af48631fcb164edd7642cbabcd1775568241bf9321d2640b0723804.mp3,Ostschweiz,Dessen Verarbeitung sei zu anstrengend.,d…õs…ôn f…õ…ĺa…ĺba…™t äŇč za…™ tsuňź an Ét…ĺ…õŇč…ônt,tsyňźr…Ďňźb…Ďňźlt…™kt d…õ…ĺ foňź ts…Ďňźi ts…Ďňź…ĺ Ét…ĺ…™Ňč…ôn,diňź f…õ…ĺa…ĺba…™t äŇč d…Ďňźf…Ēn za…™ an Ét…ĺ…õŇč…ônt
60,0bda2f56-850b-4930-9370-89ba5bb5e80a/49fa7dcd45c69cac64375a34fa36965a01221c9cd459a041fa4e7cf03cd39b52.mp3,Ostschweiz,Ich finde das eine sehr feine Kombination.,…™√ß f…™nd…ô das a…™n…ô zeňź…ĺ fa…™n…ô k…Ēmbiňźnatsjoňźn,…™nfiňźnt das eňźz…ô…ĺ va…™n…™ k…Ēm…™natsyňźr oňźn…™ É,…™√ß f…™nd…ô das …õs a…™n…ô zeňź…ĺ fa…™n…ô k…Ēmbiňźnatsjoňźn …™st
61,0bda2f56-850b-4930-9370-89ba5bb5e80a/3c18ae8753f62aace26c6ee3a7674f344926d3e38649791616c85b5a16b5c742.mp3,Ostschweiz,Zwei Wochen sp√§ter wurde der Prozess wiederholt.,tsva…™ v…Ēx…ôn  Ép…õňźt…ú v ä…źd…ô d…õ…ĺ p…ĺoňźts…õs viňźd…úh…Ēlt,tsva…™v…Ēx…õ…ĺ  Épa…™t…ĺ …™√ßt…ô p…Ēts…õs viňźd…ĺoňźlt v…Ďňźd…ĺ,tsva…™ v…Ēx…ôn  Ép…õňźt…ú v ä…źd…ô d…õ…ĺ p…ĺoňźts…õs viňźd…úh…Ēlt
62,72911186-8b0e-4c0b-af3d-4d8765072930/9b9b4493defec6fd84f7c8d8c0a584cbdcbf99a7797d9862ea6fe5dc4f5fde13.mp3,Ostschweiz,Er muss danach voraussichtlich rund zwei Monate pausieren.,…õ…ĺ m äs danax foňźra äsz…™√ßtl…™√ß r änt tsva…™ moňźn…Ďňźt…ô pa äziňźr…ôn,…õ…ĺm…ô …õs nax…ô f…Ē…ĺ oňźs…™ftl…ô f än tsva…™m…ôn…ôt pa…ĺsi …Ďb…ô,…õ…ĺ m äs naxh…ú foňźra äsz…™√ßtl…™√ß r änt tsva…™ moňźn…Ďňźt…ô pasiňźr…ôn
63,831d404d-b189-42b6-8120-073c1f8af73c/c51b16280796c722e2812afeebce8a9174c986ed5c69f31f7b99fa689a2e60a3.mp3,Ostschweiz,Jeden hat es irgendwo getroffen.,jeňźd…ôn hat …õs …™…ĺ…°…õndvoňź …°…ôt…ĺ…Ēf…ôn,j…õt…ô h…õks …™…ĺt…ôn voňź t…ĺ…Ēf…ô,jeňźd…ú hat …õs …™…ĺ…°…õndvoňź …°…ôt…ĺ…Ēf…ôn
64,7f4b1ca8-c652-4056-96fb-f02e82182574/4105f1e0381fb28c934076c971613a424e705046e809620929fa744d7db5211a.mp3,Ostschweiz,Dabei braucht einem der Winter keine Angst zu machen.,d…Ďňźba…™ b…ĺa äxt a…™n…ôm d…õ…ĺ v…™nt…ú ka…™n…ô aŇčst tsuňź max…ôn,…õt…ô biňźb…ĺ…Ēxt a…™m…ôt …õv…™nt…Ēk ha…™ ang Ét tsmax…ô,d…Ďňźba…™ b…ĺa äxt a…™n…ôm d…õ…ĺ v…™nt a äx ka…™n…ô aŇčst tsuňź max…ôn
65,72911186-8b0e-4c0b-af3d-4d8765072930/9b4b06d103702b9aa87c1bc202ed858541e88e503b5de0422b19ea117c64edc9.mp3,Ostschweiz,Mailand f√ľhlt sich von anderen Institutionen im Stich gelassen.,ma…™lant fyňźlt z…™√ß f…Ēn and…ôr…ôn …™nstiňźtuňźtsjoňźn…ôn …™m  Ét…™√ß …°…ôlas…ôn,ma…™dant fyňźlt z…™√ß f…Ēňźand…ôr…ô …™n Éiňźt Éiňźoňźn …õm  Ét…™√ßt…Ē,ma…™lant fyňźlt z…™√ß f…Ēn and…ôr…ôn …™nstiňźtuňźtsjoňźn…ôn …™m  Ét…™√ß kl…Ďňź…ĺ
66,8d167b1c-7f89-4487-a0a9-2bbe08bf0b41/8a2843031ac75a05e72aba0cb096c38cf2f8ef2c4f60820fb632faa816fe7bb0.mp3,Ostschweiz,Aber auch anderswo hatte er schon fr√ľh Erfolg.,…Ďňźb…ú a äx and…úsvoňź hat…ô …õ…ĺ  Éoňźn fryňź …õ…ĺf…Ēlk,…Ďb…ĺ…Ďňźwand…ôs voňź h…õt…ô É…ô friňź…ĺ foňźlka,…Ďňźb…ú a äx and…úsvoňź hat…ô …õ…ĺ  Éoňźn fryňź …õ…ĺf…Ēlk
67,684dd9cf-2844-407b-9a7f-12e7b559773f/bd8fd4859d4d3f5fd432a5cb5f0ec3b80a627da0786ecf832027ea598599460b.mp3,Ostschweiz,Die Transformation hat mit dem Vorherrschen des Angebots und derNachfrage zu tun.,diňź t…ĺansf…Ē…ĺmatsjoňźn hat m…™t deňźm foňź…ĺheňź…ĺ…ĺ Éeňźn d…õs an…°…ôboňźts  änt d…õ…ĺ naxfr…Ďňź…°…ô tsuňź tuňźn,d…ĺ…Ďns h…Ēmats…™…Ēnheňźd miňźd f…Ēňźh…õ…ĺ É…ô voňź a…ĺg…õb…Ēňźt  änd…Ēňźx v…Ďňź…ĺp…õ…ĺk…õst…Ēňźm,diňź t…ĺansf…Ē…ĺmatsjoňźn hat m…™t foňź…ĺheňź…ĺ…ĺ É…õ…ĺn f…Ēn an…°…ôboňźt…ôn  änt naxfr…Ďňź…°…ôn tsuňź tuňźn
68,248e0121-1803-4980-a746-17ffbd799791/437e8dfbb28fded41cdef26184e1535ed13ff1b37ea03649e1ba2db3fcfa108c.mp3,Ostschweiz,Irland macht das Unm√∂gliche m√∂glich.,…™…ĺlant maxt das  änm√łňźkl…™√ß…ô m√łňźkl…™√ß,j…Ďňźl…Ďňźnd maxt ts äm m√łgl…Ďňźx …õm√łgl…™√ßt,iňź…ĺ lant maxt das  änm√łňźkl…™√ß…ô m√łňźkl…™√ß
69,a677eda9-7709-4c9d-8656-e7b665140f3b/e10347019b9e65825202c0e49b2041f13198515b3305fe8c914e3ccb6be83a57.mp3,Ostschweiz,Auch die Teilnahme der Mixed-Staffel ist realistisch.,a äx diňź ta…™ln…Ďňźm…ô d…õ…ĺ m…™kseňźt Étaf…ôl …™st reňźal…™st…™ É,alb…õ…™l…Ďňźm ad…õm…™kst  Étafl…õ …™t É …ĺ…õalisi É,a äx diňź ta…™ln…Ďňźm…ô an deňźn m…™ks Étaf…ôln …™st reňźal…™st…™ É
70,7f4b1ca8-c652-4056-96fb-f02e82182574/3d6fdbfc0e82081398b515c07a3076e9a60f1e99080b3177b9d65ca9d5c2ec81.mp3,Ostschweiz,"Das ist eine bessere Ausgestaltung, als die urspr√ľnglich angedachte.",das …™st a…™n…ô b…õs…ôr…ô a äs…°…ô Étalt äŇč als diňź  ä…ź Ép…ĺ ŹŇčl…™√ß an…°…ôdaxt…ô,…™t…ôs …™s…ôb…õs…ôr…ô  äsgstalt…™k a äs diňź uňź…ĺ Ép…ĺ Źm…™√ß ang…ôtaxt…™,diňźs …™st a…™n…ô b…õs…ôr…ô a äs…°…ô Étalt äŇč als diňź  ä…ź Ép…ĺ ŹŇčl…™√ß an…°…ôdaxt…ô
71,a677eda9-7709-4c9d-8656-e7b665140f3b/e1162c96682b40e95ddbc77daa51726ea41d380d8cffcf439a80062668447fe8.mp3,Ostschweiz,"Es ist uns wichtig, dass auch der Einwohnerrat entsprechend informiert ist.",…õs…™st  äns v…™√ßt…™√ß das a äx d…õ…ĺ a…™nvoňźn…úr…Ďňźt …õnt Ép…ĺ…õ√ß…ônt …™nf…Ē…ĺmiňź…ĺt …™st,…õs …™s v…™√ßt…™√ß d…™√ßt d…õs ha äd…ôn iňźv…Ēn n…õr…Ďňźt …õnt Ép…ĺ…õ√ß…ônt …™mf…Ēmiňź…ĺt …™ É,…õs…™st  äns v…™√ßt…™√ß das a äx d…õ…ĺ a…™nvoňźn…úr…Ďňźt …õnt Ép…ĺ…õ√ß…ônt …™nf…Ē…ĺmiňź…ĺt …™st
72,8d167b1c-7f89-4487-a0a9-2bbe08bf0b41/6a75a2ebee3c2936f07461517dd16599fa2f0c7a60dda665c27384220b099484.mp3,Ostschweiz,√úber die Vorlage wird am 28. September abgestimmt.,yňźb…ú diňź foňź…ĺl…Ďňź…°…ô v…™…ĺt am axt  änttsvants…™√ß z…õpt…õmb…ú ap…°…ô Ét…™mt,yňźb…ú poňźl…Ďňźg v…™…ĺt…ô maxt…ô tsvant z…™√ßt…ô z…õbt…ô …™m b…ôra…™p g Ét äm…ôn,yňźb…ú diňź foňź…ĺl…Ďňź…°…ô v…™…ĺt am axt  änttsvants…™√ß z…õpt…õmb…ú ap…°…ô Ét…™mt
73,d9be733d-d0bd-41bb-8dc5-dfcabb99c105/de7feb0eb3f35cb42d7489b5081ee8280ab1c1310f0936f269b481022a74b75d.mp3,Ostschweiz,Und klatscht in voller L√§nge mit voller Wucht auf die Wasseroberfl√§che., änt klat Ét …™n f…Ēl…ú l…õŇč…ô m…™t f…Ēl…ú v äxt a äf diňź vas…úoňźb…úfl…õ√ß…ô,m kl…Ďt Ét …™n foňźl…Ē l…õŇč…™ ma…™t foňźl…Ē…ĺ…Ē…ĺuxt …Ēft v…Ďňźs…Ēňź oňźb…õfl…õňźx…™, änt klat Ét …™n f…Ēl…ú l…õŇč…ô m…™t f…Ēl…ú v äxt a äf diňź vas…úoňźb…úfl…õ√ß…ô
74,684dd9cf-2844-407b-9a7f-12e7b559773f/c464ca9d4a3ff9177cbbec614bef930105a305a1d025eae4bbaf79b468d67a76.mp3,Ostschweiz,Der Umsatz in diesem Jahr wird auf 6 Milliarden ¬≠Dollar gesch√§tzt.,d…õ…ĺ  ämzats …™n diňźz…ôm j…Ďňź…ĺ v…™…ĺt a äf z…õks m…™liňźa…ĺd…ôn d…Ēl…Ďňź…ĺ …°…ô É…õtst,d…õ  ämsaňźtsid…õm j…õ…ęvi…õ tu s…õrs mi liaňźd…õt d…Ēl…õ…ęk  É…õ…ętst,d…õ…ĺ  ämzats …™n diňźz…ôm j…Ďňź…ĺ v…™…ĺt a äf z…õks …õm…õ…ĺdeňź d…Ēl…Ďňź…ĺ …°…ô É…õtst
75,0bda2f56-850b-4930-9370-89ba5bb5e80a/361209b38d9db06e87adede3c7ff82bec0fea68dabedf9e01a31e2dcd17276c9.mp3,Ostschweiz,Das war gestern deutlich zu sp√ľren.,das v…Ďňź…ĺ …°…õst…ún d…Ē√łtl…™√ß tsuňź  Épyňźr…ôn,d…õs  Ék…õ Ét d…Ďňź dyňźt…ô√ßt fyňźr…ô ksiňź,das v…Ďňź…ĺ …°…õst…ún d…Ē√łtl…™√ß tsuňź  Épyňźr…ôn
76,684dd9cf-2844-407b-9a7f-12e7b559773f/9d72a9085b51373fba23e5c62f9d5893125a63bccc1ab10bd3ae6d31a23a90ec.mp3,Ostschweiz,Betroffen ist die Strecke Basel-Olten.,b…ôt…ĺ…Ēf…ôn …™st diňź  Ét…ĺ…õk…ô b…Ďz…ôl…Ēlt…ôn,beňźt d…Ēf f…õ…ĺ…™√ß …™n …ĺ…õk…™ basl  ält…ô,b…ôt…ĺ…Ēf…ôn …™st diňź  Ét…ĺ…õk…ô …™n b…Ďz…ôl ält…ô
77,72911186-8b0e-4c0b-af3d-4d8765072930/5c9ac24b72cfa67efb518d7b75c9c50b9985b77389a791a83574de8a80d08950.mp3,Ostschweiz,Ich habe auch noch einige Zahlen aus deiner T√§tigkeit.,…™√ß h…Ďňźb…ô a äx n…Ēx a…™n…™…°…ô ts…Ďňźl…ôn a äs da…™n…ú t…õňźt…™√ßka…™t,iŌá…Ďn …Ďu…ęn…Ē  Ēa…™n…™g…™ts…Ďňźl…Ď  äst…™n …Ď t…Ďt…™k…Ďjt,…™√ß h…Ďňźb…ô a äx n…Ēx a…™n…™…°…ô ts…Ďňźl…ôn a äs za…™n…ú t…õňźt…™√ßka…™t
78,248e0121-1803-4980-a746-17ffbd799791/13659a4f43708980fc434f5c08dc30ce33b9caf3d313daeeac2d5374ebb3e753.mp3,Ostschweiz,"Die Ersatzbeschaffung f√ľhrt nicht zu Einsparungen, gegen√ľber dem heutigen Fahrzeug.",diňź …õ…ĺzatsb…õ Éaf äŇč fyňź…ĺt n…™√ßt tsuňź a…™n Ép…Ďr äŇč…ôn …°eňź…°…ônyňźb…ú deňźm h…Ē√łt…™…°…ôn f…Ďňź…ĺts…Ē√łk,d…õ…ĺ s…Ďts b…ô É…™f…ôlt fyňź…ĺt n√łt tsuňź aňźliňź É paňź…ĺ…™k…ôg…ô g…ônyňźb…úm hyňźt kiňźg…ô f…Ďňź…ĺ ts√łňźk,d…õ…ĺ …õ…ĺzatsb…õ É…™f äŇč fyňź…ĺt n…™√ßt tsuňź a…™n Ép…Ďr äŇč…ôn …°eňź…°…ônyňźb…ú deňźm h…Ē√łt…™…°…ôn f…Ďňź…ĺts…Ē√łk
79,a677eda9-7709-4c9d-8656-e7b665140f3b/e9a283a4a338b395d5d655a737f069a3693cc1e5a7bf219c2777e96916e55ea0.mp3,Ostschweiz,Der Flugl√§rm wird auch k√ľnftig ein wichtiges Thema bleiben.,d…õ…ĺ fluňź…°l…õ…ĺm v…™…ĺt a äx k Źnft…™√ß a…™n v…™√ßt…™…°…ôs teňźm…Ďňź bla…™b…ôn,…™n fluňźgl…õňźm v…™…ĺt da ä k Źmpft…™g…ôs v…™√ßt…™√ßst heňźm…Ďňź bliňźb…ô,d…õ…ĺ fluňź…°l…õ…ĺm v…™…ĺt a äx k Źnft…™√ß a…™n v…™√ßt…™…°…ôs teňźm…Ďňź bla…™b…ôn
80,684dd9cf-2844-407b-9a7f-12e7b559773f/e61779ae1c8f24ed49bf88554c1c45258e28792df591bc472cf3fad9c9df5892.mp3,Ostschweiz,Sie hat die Zusammenarbeit f√ľr dieses Projekt mit den Gemeinden gesucht.,ziňź hat diňź tsuňźzam…ôna…ĺba…™t fyňź…ĺ diňźz…ôs p…ĺoňźj…õkt m…™t deňźn …°…ôma…™nd…ôn …°…ôzuňźxt,…™n h…õt zl…õm…ô …Ďňźb…õlt fyňź…ĺ das b…ĺ…õk√ßt miňź deňźk ma…™n…™nzgzuňźxt,ziňź zuňźxt…ô diňź tsuňźzam…ôna…ĺba…™t fyňź…ĺ diňźz…ôs p…ĺoňźj…õkt m…™t d…õ…ĺ …°…ôma…™nd…ô
81,8d167b1c-7f89-4487-a0a9-2bbe08bf0b41/e13a2bb8fd6a590231c25593ec2483379e45620643b5fc7ee9f03d448d58b888.mp3,Ostschweiz,So w√ľrde Abfall zu einer wertvollen Ressource.,zoňź v Ź…ĺd…ô apfal tsuňź a…™n…ú v…õ…ĺtf…Ēl…ôn r…õs ä…źs…ô,ts…Ēviňź…ĺ diňź apf…Ďňźlt z…Ēn …ĺ…õv…õ…ĺtfoňźl…ôr…™√ßsoňźs…õ,zoňź v Ź…ĺd…ô apfal tsuňź a…™n…ú v…õ…ĺtf…Ēl…ôn r…õs ä…źs…ô
82,831d404d-b189-42b6-8120-073c1f8af73c/5cd07efc24be6b923c7c546450bda9fd9fa643a805ca95703961d4e85a51d630.mp3,Ostschweiz,Du bist ein grosser Weinliebhaber.,duňź b…™st a…™n …°…ĺ…Ēs…ú va…™nliňźph…Ďňźb…ú,tu bi É …™n g…Ļ…Ēs se…™ biňź liňź…õ paňźb…Ēr,duňź b…™st a…™n …°…ĺ…Ēs…ú va…™nliňźph…Ďňźb…ú
83,248e0121-1803-4980-a746-17ffbd799791/3c7128683ffd939df049ca26b0c3eab07f65e19e785654cc60f497dbe1de5835.mp3,Ostschweiz,Er √§usserte sich zufrieden √ľber den Verlauf der Operation.,…õ…ĺ …Ē√łs…út…ô z…™√ß tsuňźfriňźd…ôn yňźb…ú deňźn f…õ…ĺla äf d…õ…ĺ oňźpeňźratsjoňźn,…õts…™xts friňźt…ôn√łňźb…Ē…ĺd…ô f…õ…ĺla äf f…Ēn d…Ďňźp…Ēraňźts…™oňźn k√łs…ôr…ôt,…õ…ĺ …Ē√łs…út…ô z…™√ß tsuňźfriňźd…ôn yňźb…ú deňźn f…õ…ĺla äf d…õ…ĺ oňźpeňźratsjoňźn
84,72911186-8b0e-4c0b-af3d-4d8765072930/af57bdd447f0f9b511862bbcfa80918ea6534da4b70a906bfb8143c465f8eb3c.mp3,Ostschweiz,So pr√§sentieren uns Models und Stars in der Regel ihren After-Baby-Body.,zoňź p…ĺ…õňźz…ôntiňźr…ôn  äns moňźd…ôls  änt  Ét…Ďňź…ĺs …™n d…õ…ĺ reňź…°…ôl iňźr…ôn aft…ú(en)be…™bi(de)boňźdiňź,zoňź pr…õs…õnteňźr…ôt…™s m änt…õs  än  Ét…Ďňźs iňźd…õr…õk…ôl …õr…ô aft…õ…ĺ b…õbiňźb…Ďňźli,zoňź p…ĺ…õňźz…ôntiňźr…ôn  äns m äld…ús  änt  Ét…Ďňź…ĺs …™n d…õ…ĺ reňź…°…ôl iňźr…ô aft…ú(en)be…™bi(de)b…Ēliňź
85,248e0121-1803-4980-a746-17ffbd799791/71b7d416619cfbd01fd234073a793a93bbd0df8271ba7ab0cbb446686148acad.mp3,Ostschweiz,Hatten Sie Sex im Konzentrationslager?,hat…ôn ziňź (en)s…õks(de) …™m k…Ēnts…õnt…ĺatsjoňźnsl…Ďňź…°…ú,h…õnt…ēiňźz…õks ka…™m…ô g…ĺ…Ēnts…™nt…Ēr…Ďts…™…Ēnsl…Ďňźk…ô,h…Ďňźb…ôn ziňź z…õks …°…ôha…™m…ô k…Ēnts…õnt…ĺatsjoňźnsl…Ďňź…°…ú
86,684dd9cf-2844-407b-9a7f-12e7b559773f/b42155f9461edae49193ce172c26a80b534435572ea8993005688bbb2ed28c01.mp3,Ostschweiz,Aber jedes Medikament kann Nebenwirkungen haben.,…Ďňźb…ú jeňźd…ôs meňźdiňźkam…õnt kan neňźb…ônv…™…ĺk äŇč…ôn h…Ďňźb…ôn,…Ďňźb…Ďňźjiňźd…ôs miňźdiňź k…ĺ…™ma…™nt…ĺ…Ďňź n…õp…ôvyňźk…ĺiňźg…ô h…Ďňźr,jeňźd…ôs meňźdiňźkam…õnt kan neňźb…ônv…™…ĺk äŇč…ôn h…Ďňźb…ôn
87,684dd9cf-2844-407b-9a7f-12e7b559773f/fe689179fccaf2954b7703d4d11be0fc01e80b40787adbf6f6e82d06031b69dc.mp3,Ostschweiz,Ihr kennt ihn bestens als Ratskollegen.,iňź…ĺ k…õnt iňźn b…õst…ôns als ratsk…Ēleňź…°…ôn,iňźr k…ĺ…õn iňźm beňź Ét…™nz a äs …Ēňźts k…ĺ äl…™k,…™√ß k…õn…ô iňźn b…õst…ôns als ratsk…Ēleňź…°…ôn
88,72911186-8b0e-4c0b-af3d-4d8765072930/b90a4213aea620b0a95bc00d209349a5f07e44ac8eb5983629013c90f7c61d57.mp3,Ostschweiz,Heute muss man daf√ľr zuerst durch ein Einkaufszentrum gehen.,h…Ē√łt…ô m äs man d…Ďňźfyňź…ĺ tsuňźeňź…ĺst d ä…ź√ß a…™n a…™nka äfsts…ônt…ĺ äm …°eňź…ôn,hiňźlm…Ďňźs m…Ďňźd…Ďňź fyňź…ĺ tseňź…ĺ Étoňźx als iňźx ha äfst…õnt…õŇčk…Ēňź,h…Ē√łt…ô m äs man d…Ďňźfyňź…ĺ tsuňźeňź…ĺst d ä…ź√ß a…™n a…™nka äfsts…ônt…ĺ äm …°eňź…ôn
89,72911186-8b0e-4c0b-af3d-4d8765072930/a8db223d7d8e80973ce2705e336251f166b72c6d61660920aca72fb953104a2b.mp3,Ostschweiz,Beide am Unfall beteiligte Autos mussten abtransportiert werden.,ba…™d…ô am  änfal b…ôta…™l…™√ßt…ô a ätoňźs m äst…ôn apt…ĺansp…Ē…ĺtiňź…ĺt v…õ…ĺd…ôn,ba…™deňź…ĺ…ôn  ämf…õ…ĺp…õt…Ďňźl…ôk diňź a ät…™s…ôm…ônt apt…ĺans…™p…™kt…™…ĺt p…õ…ĺt…ô,ba…™d…ô am  ämf…õldbeňźta…™l…™√ßt…ô a ätoňźs m Źs…ôn apt…ĺansp…Ē…ĺtiňź…ĺt v…õ…ĺd…ôn
90,684dd9cf-2844-407b-9a7f-12e7b559773f/470fd5a6c3206cf5bd87fc05365298003c617de686bbf1c93ecb7d69d30250e3.mp3,Ostschweiz,Geblieben ist hingegen ihr Drang nach Leistung.,…°…ôbliňźb…ôn …™st h…™n…°eňź…°…ôn iňź…ĺ d…ĺaŇč n…Ďňźx la…™st äŇč,liňźb…ô …™ É…ôn geňźg…ô iňźr…ô d…ĺaňźn n…Ēx la…™ Ét…™k,bliňźb…ô …™√ß h…™n…°eňź…°…ôn …™n iňź…ĺ d…ĺaŇč n…Ďňźx la…™st äŇč
91,7f4b1ca8-c652-4056-96fb-f02e82182574/972713593d707884d9c76e9b02060bae7dc563619221fbb6f557bf66b9822f43.mp3,Ostschweiz,Sie sind dazu ja nicht verpflichtet.,ziňź z…™nt d…Ďňźtsuňź j…Ďňź n…™√ßt f…õ…ĺpfl…™√ßt…ôt,tsi z…™nd…™o n…™t…™t tsuňźrf…Ēp fl…™√ßt…Ēt,ziňź z…™nt j…Ďňź n…™√ßt d…Ďňźtsuňź f…õ…ĺpfl…™√ßt…ôt
92,8d167b1c-7f89-4487-a0a9-2bbe08bf0b41/6da07c866a09b9b1c9997cfc8185114cf7ee4545028581b1705d61b73baf9fb8.mp3,Ostschweiz,Hier haben wir drei Antr√§ge.,hiňź…ĺ h…Ďňźb…ôn viňź…ĺ d…ĺa…™ ant…ĺ…õňź…°…ô,d…Ēh…õm …Ďtryňź…Ďňźt tr…õk,hiňź…ĺ h…Ďňźb…ôn viňź…ĺ d…ĺa…™ ant…ĺ…õňź…°…ô
93,8d167b1c-7f89-4487-a0a9-2bbe08bf0b41/a0fc4b50d22acfc3503bde98d571ad57e15cc326586b2a5bb098665af4e970d8.mp3,Ostschweiz,Per Handzeichen stimmten die Delegierten nun f√ľr den neuen Namen.,p…õ…ĺ hanttsa…™√ß…ôn  Ét…™mt…ôn diňź deňźleňź…°iňź…ĺt…ôn nuňźn fyňź…ĺ deňźn n…Ē√ł…ôn n…Ďňźm…ôn,p…õ…ĺh…Ďňźnt tsa…™√ß…ô h…õnt…ô d…õl…™giňź…ĺt…ô …õtst fyňź…ĺ deňźn …Ē√łn…Ďňźm…ôn apgst äm…ô,p…õ…ĺ hanttsa…™√ß…ôn h…Ďňźb…ôn diňź deňźleňź…°iňź…ĺt…ôn nuňźn fyňź…ĺ deňźn n…Ē√ł…ôn n…Ďňźm…ôn ap…°…ô Ét…™mt
94,a677eda9-7709-4c9d-8656-e7b665140f3b/df519af9df52cdbc1223fcf8eb70a17513eca7df163ac5f213a87042ceb655da.mp3,Ostschweiz,Der grosse Lastwagen scheint wirklich noch gr√∂ssere Wogen zu werfen.,d…õ…ĺ …°…ĺ…Ēs…ô lastv…Ďňź…°…ôn  Éa…™nt v…™…ĺkl…™√ß n…Ēx …°…ĺŇďs…ôr…ô voňź…°…ôn tsuňź v…õ…ĺf…ôn,eňź g…ĺoňźsla Étvak…ô  Éiňźnt viňź…ĺkl…™ n…Ēx g…ĺ√łňźsriňźboňźk…ô tsv…õrf…ôn,d…õ…ĺ …°…ĺ…Ēs…ô lastv…Ďňź…°…ôn  Éa…™nt v…™…ĺkl…™√ß n…Ēx …°…ĺŇďs…ôr…ô voňź…°…ôn tsuňź v…õ…ĺf…ôn
95,a677eda9-7709-4c9d-8656-e7b665140f3b/b836b4599f976bd6e3a58e3ba25c563b2bd3c3d01c40a1e179b9c04c06225c12.mp3,Ostschweiz,Das Start-up durchsucht grosse Datenmengen nach Informationen √ľber psychische Krankheiten.,das  Éta…ĺtuňźp d ä…ź√ßzuňźxt …°…ĺ…Ēs…ô d…Ďňźt…ônm…õŇč…ôn n…Ďňźx …™nf…Ē…ĺmatsjoňźn…ôn yňźb…ú pz Ź√ß…™ É…ô k…ĺaŇčkha…™t…ôn,…Ďs …Ďňźbd…Ďňźpt d ä…ź zuňźxt g…ĺoňźz…™d…Ďňźt…ô m…õŇčl…ôn n…Ēx …™mf…Ēňźmatsiňźoňźn…ôn yňźb…Ēp zyňźr…™ É…™√ßr…õŇčk…õt…õňź,d…õ…ĺ  Éta…ĺtuňźp d ä…ź√ßzuňźxt …°…ĺ…Ēs…ô d…Ďňźt…ônm…õŇč…ôn n…Ďňźx …™nf…Ē…ĺmatsjoňźn…ôn yňźb…ú pz Ź√ß…™ É…ô k…ĺaŇčkha…™t…ôn
96,d9be733d-d0bd-41bb-8dc5-dfcabb99c105/ac0bb836785cac442207a7ba9f4a36990b181ebba1626722ae0a90995e1ce875.mp3,Ostschweiz,"Ich m√∂chte gerade dort ankn√ľpfen, wo Leo Scherer aufgeh√∂rt hat.",…™√ß mŇď√ßt…ô …°…ôr…Ďňźd…ô d…Ē…ĺt ankn Źpf…ôn voňź leňźoňź  Éeňźr…ú a äf…°…ôhŇď…ĺt hat,…™√ß v…õt g…ĺ…Ďp d…õt …Ď√ßn…™p fyňź…ĺ boňźl…õňź…ĺ  í…õr…ô  äfk Ź…ĺt h…õt,…™√ß mŇď√ßt…ô …°…ôr…Ďňźd…ô d…Ē…ĺt ankn Źpf…ôn voňź leňźoňź  Éeňźr…ú a äf…°…ôhŇď…ĺt hat
97,684dd9cf-2844-407b-9a7f-12e7b559773f/9d50c48457beee467b3dfca7529a9dcda66cd51f51773867825f5c46267274e1.mp3,Ostschweiz,Die Polizei sperrte das Gel√§nde ab.,diňź poňźliňźtsa…™  Ép…õ…ĺt…ô das …°…ôl…õnd…ô ap,p…Ēňźliňźtsaňźiňź h…õňźd gl√¶Ňčd …Ďňźbg Épňźiňź…ĺt,diňź poňźliňźtsa…™ hat das …°…ôl…õnd…ô ap…°…ô Ép Ź…ĺt
98,684dd9cf-2844-407b-9a7f-12e7b559773f/f1eb61e7ba17e4469383556298c7e72685069576d902634a0b7f60d55023dff6.mp3,Ostschweiz,"Danke Paul, alles Gute und gute Gesundheit.",daŇčk…ô pa äl al…ôs …°uňźt…ô  änt …°uňźt…ô …°…ôz äntha…™t,taňźnk…® paňź…Ēňźl …Ďňźl skw…õt…™ …Ēňźm kw…õt…™k z än h…Ďňź…™t,daŇčk…ô pa äl al…ôs …°uňźt…ô  änt …°uňźt…ô …°…ôz äntha…™t
99,d9be733d-d0bd-41bb-8dc5-dfcabb99c105/fdbe4c4b347da190c1d869aa8d4489885c06054c04d0b656dcc64b46ab0626b2.mp3,Ostschweiz,Aber da war nichts anderes.,…Ďňźb…ú d…Ďňź v…Ďňź…ĺ n…™√ßts and…ôr…ôs,…Ďňźb…õ d…ĺ…Ēňźj É nyňźd and…õs gsiňź,…Ďňźb…ú hiňź…ĺ v…Ďňź…ĺ n…™√ßts and…ôr…ôs
100,8d167b1c-7f89-4487-a0a9-2bbe08bf0b41/903eead676aca610dcf298a8e5d5b6cada606f3f74d26897a982b7a253f42991.mp3,Ostschweiz,Das Gespr√§ch sei konstruktiv verlaufen.,das …°…ô Ép…ĺ…õňź√ß za…™ k…Ēnst…ĺ äktiňźf f…õ…ĺla äf…ôn,g Ép…ĺŇďňźx z…õg g…™g g…ĺ…Ēnst duňźk diňź f…Ēl…Ďňź uňźf…ôn,das …°…ô Ép…ĺ…õňź√ß za…™ k…Ēnst…ĺ äktiňźf f…õ…ĺla äf…ôn
101,a677eda9-7709-4c9d-8656-e7b665140f3b/cf474cb1e5234e3e50ab760f939452326ef9f5501c8a84038b71b3fcce083e60.mp3,Ostschweiz,Unterdessen stiegen die Spannungen innerhalb der israelischen Regierung., änt…úd…õs…ôn  Étiňź…°…ôn diňź  Épan äŇč…ôn …™n…úhalp d…õ…ĺ …™sr…Ďňź…õl…™ É…ôn reňź…°iňźr äŇč, änt…õs…õ z…™nt  Ép…Ďn…™g…õ …™n n…õh…Ďňźlp foňźd…ô iňźzr…õl…™ É…ô r…õg…õr…ôg  Étiňźg…ô, änt…úd…õs…ôn  Étiňź…°…ôn diňź  Épan äŇč…ôn …™n…úhalp d…õ…ĺ …™sr…Ďňź…õl…™ É…ôn reňź…°iňźr äŇč
102,0bda2f56-850b-4930-9370-89ba5bb5e80a/545155b73787af4b97a0fdf3c0e7ae928dcc7979228b088b3881a31e742e632d.mp3,Ostschweiz,Er habe bereits einen neun Jahre alten Sohn in Israel.,…õ…ĺ h…Ďňźb…ô b…ôra…™ts a…™n…ôn n…Ē√łn j…Ďňźr…ô alt…ôn zoňźn …™n …™sr…Ďňź…õl,d íiňźp…õrats…õňźn jyniňź…Ēňź  Āalt…õsoňźn niňźn…™s…Ēňź…õl,…õ…ĺ hat b…ôra…™ts a…™n…ôn n…Ē√łnj…õňźr…™…°…ôn zoňźn …™n …™sr…Ďňź…õl
103,a677eda9-7709-4c9d-8656-e7b665140f3b/ed31a48bc9a00b5605fb23df0f819d3bf925d6bc9e1c7e48332ef4fe970a3e12.mp3,Ostschweiz,Es ist ja gerade erst der Anfang der Saison.,…õs…™st j…Ďňź …°…ôr…Ďňźd…ô eňź…ĺst d…õ…ĺ anfaŇč d…õ…ĺ z…õňźz…ĒŐÉ,…õs hiňź Éiňźr g…ĺant iňź…ĺ Ét…ô …Ďňźf…ĎňźŇč foňź…ĺt…™sa…™s…Ē,…õs…™st j…Ďňź …°…ôr…Ďňźd…ô d…õ…ĺ eňź…ĺst…ô anfaŇč d…õ…ĺ z…õňźz…ĒŐÉ
104,8d167b1c-7f89-4487-a0a9-2bbe08bf0b41/7c4a2522d63258f49a6d11e57a425e051fb51b8854fc0fe0e973b4aa0dbe331e.mp3,Ostschweiz,Am Anfang war der Service das Problem.,am anfaŇč v…Ďňź…ĺ d…õ…ĺ (en)s…úňźv…™s(de) das p…ĺoňźbleňźm,ama…ĺf…ĎŇč …™√ß d…™s…õ…ĺv…™s p…ĺoňźbleňźm gsiňź,am anfaŇč v…Ďňź…ĺ d…õ…ĺ (en)s…úňźv…™s(de) a…™n p…ĺoňźbleňźm
105,937d2af6-fc16-47b1-a53b-4dee4accc211/7e8581901f7a6183a89831d3a083b1c6c68ae9c4a2708b68dbd9e0d16d5df9c0.mp3,Ostschweiz,Die beiden haben sich sogar privat zu mehreren Dates getroffen.,diňź ba…™d…ôn h…Ďňźb…ôn z…™√ß zoňź…°…Ďňź…ĺ p…ĺiňźv…Ďňźt tsuňź meňźr…ôr…ôn d…Ďňźt…ôs …°…ôt…ĺ…Ēf…ôn,…™…ĺ ba…™d…ô h…™nt s…™√ß s…Ēga…ĺ p…ĺifa…ĺ tsuňź meňźr…ôn …ĺ…ô deňźtst…ĺ…Ēf…ôn,diňźz…ô ba…™d…ôn t…ĺ…Ďňźf…ôn z…™√ß zoňź…°…Ďňź…ĺ p…ĺiňźv…Ďňźt tsuňź meňźr…ôr…ôn d…Ďňźt…ôs
106,831d404d-b189-42b6-8120-073c1f8af73c/8cf1dd8d44509ebd3a3f9bdf1c8b56e4405fde83ce1cdc6ac18f7ccbe5bc6db0.mp3,Ostschweiz,"Die Idee war, die Strukturen zu verschlanken.",diňź iňźdeňź v…Ďňź…ĺ diňź  Ét…ĺ äktuňźr…ôn tsuňź f…õ…ĺ ÉlaŇčk…ôn,a…™de…™ É gs…™…ĺ g…ô …™n  Ét…ĺ äktuňźr…ôts f…Ē…ĺ Él…õŇčk…ô,diňź iňźdeňź v…Ďňź…ĺ diňźz…ô  Ét…ĺ äktuňźr…ôn tsuňź f…õ…ĺ ÉlaŇčk…ôn
107,248e0121-1803-4980-a746-17ffbd799791/7ba92bc90b575ed7682390da38b89afb21d2efcae4495aa8bd8da7bac34059a1.mp3,Ostschweiz,"F√ľr die Fraktion SVP ist dies keine akzeptable, keine faire Strategie.3.",fyňź…ĺ diňź fraktsjoňźn …õsfa äpeňź …™st diňźs ka…™n…ô akts…õpt…Ďňźbl…ô ka…™n…ô f…õňźr…ô  Ét…ĺ…Ďteňź…°iňź d…ĺa…™,fyňź…ĺt f…Ēktsiňźoňźn …õsf…Ďňźpeňź …™n  Ét…Ďňźs k…ĺa…™akts…õplaňźb…õl k…ĺa…™f…õňźr…™  Ét…ĺat…õgiňź d…ĺa…™tp äŇčk nul,fyňź…ĺ diňź fraktsjoňźn …õsfa äpeňź …™st diňźs ka…™n…ô akts…õpt…Ďňźbl…ô ka…™n…ô f…õňźr…ô  Ét…ĺ…Ďteňź…°iňź d…ĺa…™ n äl
108,72911186-8b0e-4c0b-af3d-4d8765072930/9a20966f57904206c3a7f780e962b7a7c74f9b59a57ff431c4275920f5732d54.mp3,Ostschweiz,Sind das f√ľr dich die Schattenseiten an deinem Job?,z…™nt das fyňź…ĺ d…™√ß diňź  Éat…ônza…™t…ôn an da…™n…ôm (en)d í…íb(de),s…™n das f…Ēr diňźx t Éat…ô ziňźt…ô fat…™n t É…Ēp,z…™nt das fyňź…ĺ d…™√ß diňź  Éat…ônza…™t…ôn an da…™n…ôm (en)d í…íb(de)
109,684dd9cf-2844-407b-9a7f-12e7b559773f/9ab4b0f3424ce762d9d0e14de56f45d0fe0eaeb3586ce777f331807c525da823.mp3,Ostschweiz,Die Knochen wurden mit Schrauben und Platten vereinigt.,diňź kn…Ēx…ôn v ä…źd…ôn m…™t  Éra äb…ôn  änt plat…ôn f…õ…ĺa…™n…™kt,kn…Ēx g…õňźs…™n mit s…ôruňźb…ôn plat…ôn v…ôra…™n…™k t čoňźld…ôn,kn…Ēx…ôn v ä…źd…ôn m…™t  Éra äb…ôn  änt plat…ôn f…õ…ĺa…™n…™kt
110,a677eda9-7709-4c9d-8656-e7b665140f3b/d88b52831a34efa576f55b73aad8ee30c51f088e440d53f8fd222be449d49c5e.mp3,Ostschweiz,Zuerst h√§tten die USA Vorbehalte gegen√ľber dem indischen Vorschlag geltend gemacht.,tsuňźeňź…ĺst h…õt…ôn diňź uňź…õs…Ďňź foňź…ĺb…ôhalt…ô …°eňź…°…ônyňźb…ú deňźm …™nd…™ É…ôn foňź…ĺ Él…Ďňźk …°…õlt…ônt …°…ômaxt,tseňź…ĺ Éheňźg…ô duňź…ĺ z…Ďňź f…Ē…ĺb…ôhalt g…ô…™g…ônyňźb…ĺ…Ďňźm …™nd…™ É…ô f…Ēňź…ĺ Él…Ďňźg g…õlt…ôn gmaxt,tsuňźeňź…ĺst h…Ďňźb…ôn diňź uňź…õs…Ďňź foňź…ĺb…ôhalt…ô …°eňź…°…ônyňźb…ú deňźm …™nd…™ É…ôn foňź…ĺ Él…Ďňźk …°…õlt…ônt …°…ômaxt
111,684dd9cf-2844-407b-9a7f-12e7b559773f/b24305514e47f543bcfdeecd411c76007d82cd97cbe94e73d3d0e521e6e3e628.mp3,Ostschweiz,Die Antwort befriedigt den Anfragesteller nicht.,diňź antv…Ē…ĺt b…ôfriňźd…™√ßt deňźn anfr…Ď…°…õ Ét…õl…ú n…™√ßt,da…™nts…Ďňźt h…õnt…õ a…ĺk Ét…õlt…™ n…õt bif…ĺiňźg…ônt,diňź antv…Ē…ĺt h…Ďňźb…ôn deňźn an…°…ô Ét…õlt…ôn n…™√ßt b…ôfriňźd…™√ßt
112,684dd9cf-2844-407b-9a7f-12e7b559773f/8f4bc8f9da371addf49a25abf0a6e7bdee403e65e7cc5ba9cba31716597294be.mp3,Ostschweiz,Es handelt sich dort um einen von dreissig Mietern.,…õs hand…ôlt z…™√ß d…Ē…ĺt  äm a…™n…ôn f…Ēn d…ĺa…™s…™√ß miňźt…ún,…õs a…™nt z…™√ß d√łg…ô ma…™n…ô f…Ēňźr…™s  Émiňź…ĺt…ô,…õs hand…ôlt z…™√ß d…Ē…ĺt  äm a…™n…ú f…Ēn d…ĺa…™s…™√ß miňźt…ún
113,248e0121-1803-4980-a746-17ffbd799791/6f6f556952df00318086feebd8c46fb389556fa7f8a7bfcdda26ab0aa1ba992e.mp3,Ostschweiz,"Wir wollen die Restresourcen, die wir in dieser Anlage durchaus haben nutzen.",viňź…ĺ v…Ēl…ôn diňź r…õst…ĺeňźzuňź…ĺk…ôn diňź viňź…ĺ …™n diňźz…ú anl…Ďňź…°…ô d ä…ź√ßa äs h…Ďňźb…ôn n äts…ôn,mev…õnt…ĺ…õsu…Ēňźs…õ v…Ēm…Ēm…Ēm…™t…õ r…õ…õ…Ēňźl…Ďňźk tu…Ēňźk…õs h…õnt n ästs…õ,man v…™l diňź r…õs ä…źs…ôn diňź man m…™t diňźz…ú anl…Ďňź…°…ô tuňźn kan n äts…ôn
114,8d167b1c-7f89-4487-a0a9-2bbe08bf0b41/84b9786a66f759716ef93cd7f0e00a76dafbbba2d2a70ae96a91cdb756dc3cc9.mp3,Ostschweiz,Bei den Assistenten ist die √úbernahme vollst√§ndig.,ba…™ deňźn as…™st…õnt…ôn …™st diňź yňźb…ún…Ďňźm…ô f…Ēl Ét…õnd…™√ß,viňź d…Ďňźziňź st…õnt…ô …™√ß styňźb…ĺn…Ďňźm f…Ēňźl Ét…õnd…™√ß,ba…™ deňźn as…™st…õnt…ôn …™st diňź yňźb…ún…Ďňźm…ô f…Ēl Ét…õnd…™√ß
115,7f4b1ca8-c652-4056-96fb-f02e82182574/510fa3f3ce77108f63bfa32c99f85c1fef80d35a151a2fc0545d64842981b755.mp3,Ostschweiz,Wir haben damals auch den Unterhalt reduziert.,viňź…ĺ h…Ďňźb…ôn d…Ďm…Ďňźls a äx deňźn  änt…úhalt reňźduňźtsiňź…ĺt,meňź…ĺ h…õnt d…Ďm…Ďňźs a ät…ô  änd…ôhalt…ĺ…õ duňźt ziňź…ĺpt,viňź…ĺ h…Ďňźb…ôn d…Ďm…Ďňźls a äx deňźn  änt…úhalt reňźduňźtsiňź…ĺt
116,7f4b1ca8-c652-4056-96fb-f02e82182574/a1cc154a0d9ae193bf02a48aef07ef3d995a00c84201e4c5ce63756c8547c21c.mp3,Ostschweiz,20 Prozent dieser M√§nner beziehen Sozialhilfe.,tsvants…™√ß p…ĺoňźts…õnt diňźz…ú m…õn…ú b…ôtsiňź…ôn zoňźtsiňźalh…™lf…ô,tsvants p…ĺoňźt…õnt f…Ē da…™n…ô ma äm n…õ…ĺ b…ôtsiňź…õnt ts…Ēňźtsiňź…Ďňźl h…™lf,tsvants…™√ß p…ĺoňźts…õnt diňźz…ú m…õn…ú b…ôtsiňź…ôn zoňźtsiňźalh…™lf…ô
117,937d2af6-fc16-47b1-a53b-4dee4accc211/9064a93f32ad5ec89d45745456d6d12171bd249af047de2817000426fb74848c.mp3,Ostschweiz,Das finde ich irgendwie schr√§g und nicht ganz seri√∂s.,das f…™nd…ô …™√ß …™…ĺ…°…ôndviňź  Ér…õňźk  änt n…™√ßt …°ants zeňźriňź√łňźs,d…Ďňźfiňźn diňź iňź…ĺk…õnd viňź…ĺ  Ér…õk  änt n√łňźk…Ďňźnt s…õriňź√łňźs,diňźs f…™nd…ô …™√ß …™…ĺ…°…ôndviňź  Ér…õňźk  änt n…™√ßt …°ants zeňźriňź√łňźs
118,0bda2f56-850b-4930-9370-89ba5bb5e80a/aa24bd6eba576ac41c61b496ff9c80803eef0d2f8fe49ffffbf08245d177231e.mp3,Ostschweiz,Subventionen werden von den Eltern beantragt.,z äbv…ôntsjoňźn…ôn v…õ…ĺd…ôn f…Ēn deňźn …õlt…ún b…ôant…ĺ…Ďňźkt,suňźb…õntsiňźone v…õ…ĺd…õt f…Ē deňź …õlt…ĺ…õp…õňź…ĺa…™t,z äbv…ôntsjoňźn…ôn v…õ…ĺd…ôn f…Ēn deňźn …õlt…ún b…ôant…ĺ…Ďňźkt
119,8d167b1c-7f89-4487-a0a9-2bbe08bf0b41/83a39104116e0bf052d941aac931f46a5bae474031ecd6bfb32c5a9c4954e689.mp3,Ostschweiz,Besonders im Bereich Ern√§hrung sei die Dynamik erstaunlich.,b…ôz…Ēnd…ús …™m b…ôra…™√ß …õ…ĺn…õňźr äŇč za…™ diňź dyňźnam…™k …õ…ĺ Éta änl…™√ß,ps änd…ôz …™n beňźva…™√ß …õ…ĺn…õňźr…ôks…ôgiňź dyňźn…Ďňźm…ôk …õ…ĺ Étuňźnl…™√ß,b…ôz…Ēnd…ús …™m b…ôra…™√ß …õ…ĺn…õňźr äŇč zeňź…ô …™√ß diňź dyňźnam…™k …õ…ĺ Éta änl…™√ß
120,937d2af6-fc16-47b1-a53b-4dee4accc211/1df18d047a84a2d91a138addea418131160119ed9e0df3a2b5bbb2b8c96eb958.mp3,Ostschweiz,Es braucht ein Ersatzfahrzeug f√ľr den alten Lastwagen.,…õs b…ĺa äxt a…™n …õ…ĺzatsf…Ďňź…ĺts…Ē√łk fyňź…ĺ deňźn alt…ôn lastv…Ďňź…°…ôn,…õs b…ĺ ä√ß d…õn …õ…ĺs hatsf…Ďňźtsyňźk f…™r d…õ…ĺ alt…ôl…Ďňź…ĺ Étv…Ďňźg…ôn,…õs b…ĺa äxt a…™n …õ…ĺzatsf…Ďňź…ĺts…Ē√łk fyňź…ĺ deňźn altlastv…Ďňź…°…ôn
121,248e0121-1803-4980-a746-17ffbd799791/759265327b4b77351e67ed8fccec8fe9b3cb7a6c59d298c27bafcf498a0a685a.mp3,Ostschweiz,Grunds√§tzlich gilt das Prinzip der Eigenverantwortung.,…°…ĺ ändz…õtsl…™√ß …°…™lt das p…ĺ…™ntsiňźp d…õ…ĺ a…™…°…ônfeňźrantv…Ē…ĺt äŇč,g änts…õňźtsl…Ďňźx g…™lspr…ônt…™p f…Ēr d…õ…ĺ ha…™g…ô f…õr…Ďňźnt v…Ē…ĺt…™k,…°…ĺ ändz…õtsl…™√ß …°…™lt das p…ĺ…™ntsiňźp d…õ…ĺ a…™…°…ônfeňźrantv…Ē…ĺt äŇč
122,7f4b1ca8-c652-4056-96fb-f02e82182574/47c3ae5a47a5257e8494945f61162f4ac25ab94f4460f3d95986afbb21813a3d.mp3,Ostschweiz,Aber niemand konnte sich ohne Gefahr bewegen und den Verwundeten helfen.,…Ďňźb…ú niňźmant k…Ēnt…ô z…™√ß oňźn…ô …°…ôf…Ďňź…ĺ b…ôveňź…°…ôn  änt deňźn f…õ…ĺv änd…ôt…ôn h…õlf…ôn,a…™b…ô niňź…ĺm…ônt h…õt z…™√ß oňźn…™√ß v…Ďňźr…ô√ß…ôn b…ô č…™g…ô  änt…ôv…ô v änd…ôkt…ô kŇďn…ô h…õlf…ô,…Ďňźb…ú niňźmant k…Ēnt…ô z…™√ß oňźn…ô …°…ôf…Ďňź…ĺ b…ôveňź…°…ôn  änt deňźn f…õ…ĺv änd…ôt…ôn h…õlf…ôn
123,684dd9cf-2844-407b-9a7f-12e7b559773f/cdfaa36ec13e3522214c57fa7de8c63274b2094593de3e37e7c5d6916d8890ed.mp3,Ostschweiz,Mein Mann ist ziemlich gut best√ľckt.,ma…™n man …™st tsiňźml…™√ß …°uňźt b…ô Ét Źkt,m…™n m…õ…ĺ …™s ziňźn…™√ß guňź…ĺp…™ Ét…™√ßt,ma…™n man …™st tsiňźml…™√ß …°uňźt b…ô Ét Źkt
124,248e0121-1803-4980-a746-17ffbd799791/42fb61e7a3242d8feefc79c901a245055509f3fa3d64dd21042c1962b5dab0b1.mp3,Ostschweiz,Ein weiterer Kritikpunkt ist die Zielgruppe der H√§ndler.,a…™n va…™t…ôr…ú k…ĺiňźt…™kp äŇčkt …™st diňź tsiňźl…°…ĺ äp…ô d…õ…ĺ h…õndl…ú,…õ…ĺ viňźt…ôr…ô k…ĺ…õt…™k p äŇčkt …™n ziňźlzgoňźp…õ f…Ēt…ô h…õndl…õ,a…™n va…™t…ôr…ú k…ĺiňźt…™kp äŇčkt …™st diňź tsiňźl…°…ĺ äp…ô d…õ…ĺ h…õndl…ú
125,831d404d-b189-42b6-8120-073c1f8af73c/8789e39793aa311412d933cab7b03cde5304daaddf03f185a87249cb9698081c.mp3,Ostschweiz,Es ist unseri√∂s und entspricht nicht den Tatsachen.,…õs…™st  änzeňźriňź√łňźs  änt …õnt Ép…ĺ…™√ßt n…™√ßt deňźn tatzax…ôn,…õs …™√ß  Ép änts…õr…™√łňźs  änt…õn …™n  Ép…ĺ…™√ßt n√łňźt…ô tsax…ô,…õs…™st  änzeňźriňź√łňźs  änt …õnt Ép…ĺ…™√ßt n…™√ßt deňźn tatzax…ôn
126,8d167b1c-7f89-4487-a0a9-2bbe08bf0b41/d15371c5f22491df1d6e04a9bd929f13cad9c099bd993792e294b713888b6213.mp3,Ostschweiz,Zu Beginn des Ersten Weltkriegs sorgte die Obersten-Aff√§re f√ľr Schlagzeilen.,tsuňź b…ô…°…™n d…õs eňź…ĺst…ôn v…õltk…ĺiňźks z…Ē…ĺkt…ô diňź oňźb…úst…ônaf…õňźr…ô fyňź…ĺ  Élaktsa…™l…ôn,…Ďm…Ďňźf…Ēm f…Ēmeňź…ĺ  Éteňź v…õlk…™lk h…õt diňź …Ēb…Ē Ét…Ďňźf…õl…ĺ f…õ…ĺ Él…Ďňźk tsiňźl…õ gs…Ēňźkt,am anfaŇč d…õs eňź…ĺst…ôn v…õltk…ĺiňźks z…Ē…ĺkt…ô diňź oňźb…ú Étaf…õňźr…ô fyňź…ĺ  Élaktsa…™l…ôn
127,684dd9cf-2844-407b-9a7f-12e7b559773f/bd608d5f037a47037f99700e646575a3ed161f163ad42ff394bb48afdbc2b57b.mp3,Ostschweiz,So k√∂nnten Pers√∂nlichkeitsrechte naher Angeh√∂riger verletzt werden.,zoňź kŇďnt…ôn p…õ…ĺz√łňźnl…™√ßka…™tsr…õ√ßt…ô n…Ďňź…ú an…°…ôh√łňźr…™…°…ú f…õ…ĺl…õtst v…õ…ĺd…ôn,zoňź√ß k…õnt…ô p…ôz…õn…™√ß k…õtsr…õ√ß n…Ďňź…Ďňź…Ďňź …Ďňźkyňźrg…õňź fyňźl…™√ßt…õv…õňź…ĺd…õ,zoňź kŇďnt…ôn das p…õ…ĺz√łňźnl…™√ßka…™tsr…õ√ßt n…Ēx an…°…ôh√łňźr…™…°…ô f…õ…ĺl…õtst v…õ…ĺd…ôn
128,7f4b1ca8-c652-4056-96fb-f02e82182574/66afb6cf192f749cfc47730aa59bc509fa4f8492eac619d87b9b2095ed1b1a72.mp3,Ostschweiz,Man wird doch wohl noch tr√§umen d√ľrfen.,man v…™…ĺt d…Ēx voňźl n…Ēx t…ĺ…Ē√łm…ôn d Ź…ĺf…ôn,m…õ vij…õt t…Ēxvoňź…™ n…Ēňź tr…Ēňźjm…õ t…õlf…õ,man v…™…ĺt d…Ēx voňźl n…Ēx t…ĺ…Ē√łm…ôn d Ź…ĺf…ôn
129,a677eda9-7709-4c9d-8656-e7b665140f3b/f547486eb76bfc4b2374685450c83540f0630012432b2350d6026fa362f98568.mp3,Ostschweiz,Die Daten werden dann an eine Smartphone-App gesendet.,diňź d…Ďňźt…ôn v…õ…ĺd…ôn dan an a…™n…ô sma…ĺtfoňźn…ôap …°…ôz…õnd…ôt,d…™…ĺ d…Ďňźd…ôn v…õ…ĺd…ô d…õn …Ďn …õs m…Ďňźd äf…Ēňźn …õb g É…™kt,diňźz…ô d…Ďňźt…ôn v…õ…ĺd…ôn dan an a…™n…ô sma…ĺtfoňźn…ôap …°…ô É…™kt
130,a677eda9-7709-4c9d-8656-e7b665140f3b/e377125865ebc8e725d6616b69ec6cbc079a9cfa65e0953b14419c568489a106.mp3,Ostschweiz,"Und dann frage ich mich, warum ist sie es nicht wert?", änt dan fr…Ďňź…°…ô …™√ß m…™√ß v…Ďňźr äm …™st ziňź …õs n…™√ßt v…õ…ĺt, änt…õ…™n fr√łg…ômiňź ma…ĺ äm …™st ziňźz n…™√ßt v…õ…ĺt, änt dan fr…Ďňź…°…ô …™√ß m…™√ß v…Ďňźr äm …™st ziňź …õs  äns n…™√ßt v…õ…ĺt
131,7f4b1ca8-c652-4056-96fb-f02e82182574/8ef9088bd00ced2d311fe3794c632e2638ab175529a140b71d5b22c5c0b568b7.mp3,Ostschweiz,Es kann sich beispielsweise in einem sehr schnellen Puls √§ussern.,…õs kan z…™√ß ba…™ Épiňźlsva…™z…ô …™n a…™n…ôm zeňź…ĺ  Én…õl…ôn puňźls …Ē√łs…ún,…õs kas…™√ß biňź Ép…™ňźs viňźs a…™m…ôs…õ…ĺ  Én…õl…ô p älz …™s…ôr…ô,…õs kan z…™√ß ba…™ Épiňźlsva…™z…ô …™n a…™n…ôm zeňź…ĺ  Én…õl…ôn puňźls …Ē√łs…ún
132,a677eda9-7709-4c9d-8656-e7b665140f3b/dcfec22164c514c7e8831b625a5d49bf0cea007fafa70db1692c2e02d3a95176.mp3,Ostschweiz,Auch Verbindungen zwischen Mensch und Maschine werden immer wahrscheinlicher.,a äx f…õ…ĺb…™nd äŇč…ôn tsv…™ É…ôn m…õn É  änt ma Éiňźn…ô v…õ…ĺd…ôn …™m…ú v…Ďňź…ĺ Éa…™nl…™√ß…ú,a ä f…õ…ĺb…™nd…™g…ô tsvyňź É…ô m…õnt É äm m…õs Éiňźn…ô v…õ…ĺdim…ô v…Ďňźs …™ndl…™√ß…Ē,a äx f…õ…ĺb…™nd äŇč…ôn tsv…™ É…ôn m…õn É  änt ma Éiňźn…ôn v…õňźr…ôn …™m…ú v…Ďňź…ĺ Éa…™nl…™√ß…ú
133,248e0121-1803-4980-a746-17ffbd799791/28210af6327fa7dd55b79229bad2488900fa5c0ddaded74c6208a1dff48af377.mp3,Ostschweiz,Daf√ľr ist das Schulhaus Zehntenhof ein l√∂bliches Paradebeispiel.,d…Ďňźfyňź…ĺ …™st das  Éuňźlha äs tseňźnt…ônhoňźf a…™n l√łňźpl…™√ß…ôs paradeňźba…™ Épiňźl,deňźfŇďňźr…™√ß d…õs  É ä…õln…ô äs ts…õnt…ôn hoňźf …õ…ĺl√łňźbl…Ēs b…Ďňźr…Ďňźt…ô biňź Épiňźnl,d…Ďňźfyňź…ĺ …™st das  Éuňźlha äs ts…õnt…ônhoňźf a…™n l√łňźpl…™√ß…ôs paradeňźba…™ Épiňźl
134,248e0121-1803-4980-a746-17ffbd799791/6fe87e9146d1840f91e80ba97ece80e327fc6a03989a106e0912850c33bdcb44.mp3,Ostschweiz,Die Offerte sei zu niedrig.,diňź …Ēf…út…ô za…™ tsuňź niňźd…ĺ…™√ß,to f…õ…ĺte sekiňźt sn…™t…ĺik,diňź a äfv…õ…ĺt…ô za…™…ôn tsuňź niňźd…ĺ…™√ß
135,7f4b1ca8-c652-4056-96fb-f02e82182574/42a0818e10ac29054c8ac02dfaaa50f38e726103a021f4373d787a078a1910d2.mp3,Ostschweiz,Herzliche Gratulation.,h…õ…ĺtsl…™√ß…ô …°…ĺ…Ďtuňźlatsjoňźn,h…õ…ĺtsl…™√ß…™ g…ĺ…õtu…ę…Ďt z…™oňźn,h…õ…ĺtsl…™√ß…ô …°…ĺ…Ďtuňźlatsjoňźn
136,0bda2f56-850b-4930-9370-89ba5bb5e80a/4cb0068a4b207b7d37547928c8229e55f7a5b2534e0aabb505ed3a300d7c5d44.mp3,Ostschweiz,So viel weiter sind wir inzwischen nicht gekommen.,zoňź fiňźl va…™t…ú z…™nt viňź…ĺ …™ntsv…™ É…ôn n…™√ßt …°…ôk…Ēm…ôn,soňź fiňźl viňźt…õ…ĺ siňźm ma…™n tsuňźiňź É…õ n…Ēn…™k…ĺoňź,zoňź fiňźl va…™t…ú z…™nt viňź…ĺ …™ntsv…™ É…ôn n…Ēx n…™√ßt …°…ôk…Ēm…ôn
137,0bda2f56-850b-4930-9370-89ba5bb5e80a/d115ccf1076bab9c97a0d10d1e488f88fc5d9f234166a9c162f921db470605f5.mp3,Ostschweiz,Der Bericht enth√§lt weitere L√ľcken.,d…õ…ĺ b…ôr…™√ßt …õnth…õlt va…™t…ôr…ô l Źk…ôn,d…õt br…™xt …õnt…¶at…õt vit…ôr lyňźk…ô,d…õ…ĺ b…ôr…™√ßt …õnth…õlt va…™t…ôr…ô l Źk…ôn
138,248e0121-1803-4980-a746-17ffbd799791/3f17c75ada63d75d85451ffd6276888b2d37eca565a3c141af12eb3c8d7e6fde.mp3,Ostschweiz,Die Angeh√∂rigen wurden dar√ľber im Vorfeld informiert.,diňź an…°…ôh√łňźr…™…°…ôn v ä…źd…ôn d…Ďňźryňźb…ú …™m foňź…ĺf…õlt …™nf…Ē…ĺmiňź…ĺt,t…Ďnki h√łňź…ĺ…õk…õs…™n t…ĺ√łňźp…Ēiňźm f…Ēňźf…õlt…™m f…Ēňźmiňź…Ďňźt v…Ēňźrta,diňź an…°…ôh√łňźr…™…°…ôn v ä…źd…ôn d…Ďňźryňźb…ú …™m foňź…ĺf…õlt …™nf…Ē…ĺmiňź…ĺt
139,7f4b1ca8-c652-4056-96fb-f02e82182574/109d68027e226c849cdf5450d33bcfd09e0a42ff43628ffc3e54ae40dfcf3a7d.mp3,Ostschweiz,"Insgesamt sind die Ziele grob formuliert, teilweise wurde dies absichtlich gemacht.",…™ns…°eňźzamt z…™nt diňź tsiňźl…ô …°…ĺoňźp f…Ē…ĺmuňźliňź…ĺt ta…™lva…™z…ô v ä…źd…ô diňźs apz…™√ßtl…™√ß …°…ômaxt,…™nts g…ôz…Ďmpz…ônt tsiňźl g…ĺ…Ēp f…Ē…ĺmuliňź…ĺt b…õlviňźs …™n d…Ďs …Ďbs…™ftl…™√ßtl…™√ßt gmaxt v…Ē…ĺd…ôn,…™ns…°eňźzamt z…™nt diňź tsiňźl…ô …°…ĺoňźp f…Ē…ĺmuňźliňź…ĺt ta…™lva…™z…ô v ä…źd…ô diňźs apz…™√ßtl…™√ß …°…ômaxt
140,684dd9cf-2844-407b-9a7f-12e7b559773f/c89cb20bb699dc1b062b9c6034fec9d2b966d32f3bfab6ce9bc1ad83853881bd.mp3,Ostschweiz,Nicht nur die Einfachheit √ľberzeugt die Benutzer.,n…™√ßt nuňź…ĺ diňź a…™nfaxha…™t yňźb…úts…Ē√łkt diňź b…ôn äts…ú,n√łňźt n…Ķt a…™f…Ēx h…Ďňźg…ôb…ôtsyňźk deňźb…ôn uňźts…ô,n…™√ßt nuňź…ĺ diňź a…™nfaxha…™t diňźz…ô b…ôtsyňź…°…ô tsuňź b…ôn äts…ôn
141,d9be733d-d0bd-41bb-8dc5-dfcabb99c105/ddaa370d1847f598e80041f6645a687ea9d54d144b36bdcf83faa1bf55926056.mp3,Ostschweiz,Doch nicht jeder Fortschritt geht auch konsequent mit Vorteilen einher.,d…Ēx n…™√ßt jeňźd…ú f…Ē…ĺt Ér…™t …°eňźt a äx k…Ēnzeňźkv…õnt m…™t foňź…ĺta…™l…ôn a…™nheňź…ĺ,d…Ēx n…™ňźd…õňźd…õňźf…Ēňź…ĺt Ét Źg g…Ēňźt…źk k…Ēňźnts…™ňźkv…õnt m…™t f…Ēňź…ĺta…™l…õňź a…™nh…õňźrm,d…Ēx n…™√ßt jeňźd…ú f…Ē…ĺt Ér…™t …°eňźt an k…Ēnzeňźkv…õnt m…™t foňź…ĺta…™l…ôn a…™nheňź…ĺ
142,7f4b1ca8-c652-4056-96fb-f02e82182574/ddef2107ea106ee5f910341130aa8e9f474545d56b32b77d4bc98b13bcce0e13.mp3,Ostschweiz,Auch ohne die Prothese kann er sein Leben bew√§ltigen.,a äx oňźn…ô diňź p…ĺoňźt…ôs…ô kan …õ…ĺ za…™n leňźb…ôn b…ôv…õlt…™…°…ôn,a…™ oňźn…™diňź …õp…ĺoňźt…õňźs…õ xana …Ďňźs…™slaňźp…õ p…õv…õlt…™g…õ,a äx oňźn…ô diňźz…ô p…ĺoňźteňźz…ôn kan …õ…ĺ za…™n leňźb…ôn b…ôv…õlt…™…°…ôn
143,937d2af6-fc16-47b1-a53b-4dee4accc211/90ba0573667baf4c15f990db7d6e9f6eeeac00ae2f97f198fa7c5a6c057f2718.mp3,Ostschweiz,Und das sei doch etwas Gutes., änt das za…™ d…Ēx …õtv…Ďňźs …°uňźt…ôs,unt…ź siňźkid…źx √łp p…™s kuňź…õts, änt d…Ďňź za…™ …™√ß d…Ēx …õtv…Ďňźs …°uňźt…ôs
144,937d2af6-fc16-47b1-a53b-4dee4accc211/9a4d9e3f67159bd124f9850d10cf5517782eb57bbb32f6d9592b6feed5eb5aa4.mp3,Ostschweiz,Die chinesischen Beh√∂rden zeigen f√ľr diese Art von Zynismus null Verst√§ndnis.,diňź √ßiňźneňźz…™ É…ôn b…ôhŇď…ĺd…ôn tsa…™…°…ôn fyňź…ĺ diňźz…ô …Ďňź…ĺt f…Ēn tsyňźn…™sm äs n äl f…õ…ĺ Ét…õndn…™s,diňź kiňźneňźs…™ É a…™n…ô b…ôhŇď…ĺb…ô tsa…™g…ôt f…õ diňź…ĺ a…ĺdf…Ēňźts…™…ĺniňźs m äzd nul f…Ē…ĺ Ét…õntn…™s,diňź √ßiňźneňźz…™ É…ôn b…ôhŇď…ĺd…ôn tsa…™…°…ôn fyňź…ĺ diňźz…ô …Ďňź…ĺt f…Ēn tsyňźn…™sm äs n äl f…õ…ĺ Ét…õndn…™s
145,684dd9cf-2844-407b-9a7f-12e7b559773f/ba78cc61895c9f4e02cd90cb2aecada0378962e246c09be21f42760eef82ff8c.mp3,Ostschweiz,Die Anschl√§ge sind ein Angriff auf das Herz der Nation.,diňź an Él…õňź…°…ô z…™nt a…™n an…°…ĺ…™f a äf das h…õ…ĺts d…õ…ĺ natsjoňźn,da…™l Éla…™gz…™nd…ôn a…™g…ĺ…™f uňźfz h…õ…ĺtsf ä…ź deňźnatsiňźoňźn,diňź an Él…õňź…°…ô z…™nt a…™n an…°…ĺ…™f a äf das h…õ…ĺts d…õ…ĺ natsjoňźn
146,831d404d-b189-42b6-8120-073c1f8af73c/54dfa6962f871b4633e943bc508acef3eeef9fa3e7c5a62fb2e2485a5b0072c7.mp3,Ostschweiz,Danach muss der Mazda etwa sieben Stunden lang an die Steckdose.,danax m äs d…õ…ĺ matsd…Ďňź …õtv…Ďňź ziňźb…ôn  Ét änd…ôn laŇč an diňź  Ét…õkdoňźz…ô,n…Ēx t…õm moňźd…õmats…™t…õ  Źp…ô ziňźb…ô  Ét äntl…õŇč …Ďňźtst…™kt oňźz…ô,naxdeňźm m äs d…õ…ĺ matsd…Ďňź …õtv…Ďňź ziňźb…ôn  Ét änd…ôn laŇč an diňź  Ét…õkdoňźz…ô
147,684dd9cf-2844-407b-9a7f-12e7b559773f/b6310ef1f575276c5de451c975678781b4824cb0821a7dda238a55d476b8a3ac.mp3,Ostschweiz,Der ersten Generation folgten bis heute sechs weitere.,d…õ…ĺ eňź…ĺst…ôn …°…õneňźratsjoňźn f…Ēlkt…ôn b…™s h…Ē√łt…ô z…õks va…™t…ôr…ô,n…Ēx deňź…ĺ Ét…õg…ônr…õtsiňźoňźn z…™mp…™syňźts…õ√ßzviňźd…ĺ…™gf älkt,n…Ďňźx d…õ…ĺ eňź…ĺst…ôn …°…õneňźratsjoňźn…ôn f…Ēlkt…ôn b…™s h…Ē√łt…ô z…õks va…™t…ôr…ô
148,d9be733d-d0bd-41bb-8dc5-dfcabb99c105/fcec9e1f952dcde3a30f3779b272fc6b6a47d1ab94a209dc68a66eebb1ce0cee.mp3,Ostschweiz,Im Wald hat sie die B√§ume umarmt.,…™m valt hat ziňź diňź b…Ē√łm…ô  äma…ĺmt,…™n baňźl…ôt h…õnt ziňźt b…Ē√łm  äm a änt,…™m valt h…Ďňźb…ôn ziňź diňź b…Ē√łm…ô  äma…ĺmt
149,7f4b1ca8-c652-4056-96fb-f02e82182574/a12988c517e30e5e48e5a073ee9a56b34096a58c93ffa1533acc87fe0d1fb480.mp3,Ostschweiz,Sie setzten die Zeichen auf Entspannung.,ziňź z…õtst…ôn diňź tsa…™√ß…ôn a äf …õnt Épan äŇč,…™n tsa…™√ß…ô a…™n…ô tsa…™√ß…ô a äf…ôn  Ép…Ďňźm n…™g z…™tst,ziňź h…Ďňźb…ôn diňź tsa…™√ß…ôn a äf …õnt Épan äŇč …°…ôz…õtst
150,248e0121-1803-4980-a746-17ffbd799791/3f0b96afc123da422822d513064fdf1e3301adfe22e51ebdc683a5e7e21d32bb.mp3,Ostschweiz,150 Arbeiter sind unter der Woche hier t√§glich am Werk.,a…™nh änd…út f Źnfts…™√ß a…ĺba…™t…ú z…™nt  änt…ú d…õ…ĺ v…Ēx…ô hiňź…ĺ t…õňźkl…™√ß am v…õ…ĺk,h änd…úp fŇďft g…Ďňźba…™t…õ…ĺ z…™nt  änd…út…õvoňźk…õňź d…Ē…ĺ t…õtl…õ√ß am  É…Ďňźf…ô,a…™nh änd…út f Źnfts…™√ß a…ĺba…™t…ú z…™nt  änt…ú deňźn v…Ēx…ôn t…õňźkl…™√ß am a…ĺba…™t…ôn
151,0bda2f56-850b-4930-9370-89ba5bb5e80a/4e66135a5623d8d850831df20657fdd2b301cb50cae2fa1092b9485d8ba6b5ff.mp3,Ostschweiz,Du wirst wieder und wieder fragen m√ľssen.,duňź v…™…ĺst viňźd…ú  änt viňźd…ú fr…Ďňź…°…ôn m Źs…ôn,du viňź…ĺ …Ē Éviňźt…õ …Ēn bit…õ…ĺ f…Ē…ĺg…ôm…™s…ô,duňź v…™…ĺst va…™t…ú  änt viňźd…ú fr…Ďňź…°…ôn m Źs…ôn
152,937d2af6-fc16-47b1-a53b-4dee4accc211/9d934e5a15f977a6e27be3a44fb1ac0773e5ff71e90cf5f87a713f52c51b953b.mp3,Ostschweiz,Aber sie war eine Frau.,…Ďňźb…ú ziňź v…Ďňź…ĺ a…™n…ô fra ä,a p…Ēsi  íe fr…Ēw ks…™,…Ďňźb…ú ziňź v…Ďňź…ĺ a…™n…ô fra ä
153,248e0121-1803-4980-a746-17ffbd799791/74f46e4b446e2471a1bedf6da4189e9e3698613d0f5c7fcc86111f751297ba8d.mp3,Ostschweiz,Bereits vor dem Training war Neymar aufgefallen.,b…ôra…™ts f…Ē…ĺ deňźm t…ĺ…õn…™Ňč v…Ďňź…ĺ na…™m…Ďňź…ĺ a äf…°…ôfal…ôn,b…ôra…™ts f…Ē…ĺmd…ĺ…õniňźŇč …™√ßt…ôn a…™m…Ďňź  äs kf…Ďňźl,b…ôra…™ts f…Ē…ĺ deňźm t…ĺ…õn…™Ňč …™st a…™n man a äs…°…ôfal…ôn
154,0bda2f56-850b-4930-9370-89ba5bb5e80a/4b2f018657b239cd81e81f2235425a2e44f6d2a65031d262703951d8869ae227.mp3,Ostschweiz,Alles Gute und Toitoitoi f√ľr deine Zukunft.,al…ôs …°uňźt…ô  änt toňźiňźtoňźiňźtoňźiňź fyňź…ĺ da…™n…ô tsuňźk änft,…Ďňźl…ôs gw…õkt iňź  änt t…Ďňźj t…Ďňźj t…Ďňźj f…õ…ĺts ä…źk ämpft,al…ôs …°uňźt…ô  änt toňźiňź toňźiňź toňźiňź fyňź…ĺ diňź tsuňźk änft
155,248e0121-1803-4980-a746-17ffbd799791/567a974aeb1d15a00a07dcb8158693414bfae65fc792bb58dbdc75fa1e22e77a.mp3,Ostschweiz,Die 21 Millionen kamen quasi aus dem Nichts.,diňź a…™n  änttsvants…™√ß m…™ljoňźn…ôn k…Ďňźm…ôn kv…Ďziňź a äs deňźm n…™√ßts,diňź a…™n…ô tsv…Ďnsk meňźliňźoňźn…ôs …™n kv…Ďňźs…ôs …™m n…™√ßtsx…Ēňź,diňź a…™n  änttsvants…™√ß m…™oňź fraŇčk…ôn z…™nt kv…Ďziňź a äs deňźm n…™√ßts …°…ôk…Ēm…ôn
156,a677eda9-7709-4c9d-8656-e7b665140f3b/efc1dfaf2b7037836901859ecc7ba68341093866f86bd736417bb2dc9eb33df0.mp3,Ostschweiz,Die Gewalt in der Ostukraine ging allerdings weiter.,diňź …°…ôvalt …™n d…õ…ĺ …Ēst äk…ĺa…™n…ô …°…™Ňč al…úd…™Ňčs va…™t…ú,deňźkvaňźl diňź da…™n oňź…ĺstuňźŇčk…ĺaňźiňźn…õ …™n É …õl…Ēd…™Ňčz v…™t…õrkaňźn…ôn,diňź …°…ôvalt …™n deňźn …Ēstuňźk…õňźn…ôn …°…™Ňč al…úd…™Ňčs va…™t…ú
157,d9be733d-d0bd-41bb-8dc5-dfcabb99c105/fafef168087e830b51b05531433fb4726cd973ce1802f3ce33c157ad85b4b190.mp3,Ostschweiz,Ich kann dar√ľber nicht reden.,…™√ß kan d…Ďňźryňźb…ú n…™√ßt reňźd…ôn,iňźr xaňźnd…ĺiňź b…ôn Źt …ĺid…ô,…™√ß kan d…Ďňźryňźb…ú n…™√ßt  Ép…ĺ…õ√ß…ôn
158,a677eda9-7709-4c9d-8656-e7b665140f3b/f9468bcd02eb811dfd4f09a726b4dded1e4d974a45724c9739f46f9fe5b2280f.mp3,Ostschweiz,Die Menschen respektieren den Sport.,diňź m…õn É…ôn r…õsp…õktiňźr…ôn deňźn  Ép…Ē…ĺt,…™n m…õnt É…õ …ĺ…õsp…õktiňźr…ôt deňź sp…Ďňźlt,diňź m…õn É…ôn r…õsp…õktiňźr…ôn deňźn  Ép…Ē…ĺt
159,684dd9cf-2844-407b-9a7f-12e7b559773f/b42cd6d1875a29f0c63e88bb17b0775be48fe0f3a5d526eed32632e623fc6bbf.mp3,Ostschweiz,Daf√ľr wird eine umfangreiche Untersuchung gestartet.,d…Ďňźfyňź…ĺ v…™…ĺt a…™n…ô  ämfaŇč…°…ĺa…™√ß…ô  änt…úzuňźx äŇč …°…ô Éta…ĺt…ôt,d…õ…ĺ fyňź…ĺ viňź…ĺ…õt  ämp…ĎňźŇč …ĺ…õ…ĺ…ô√ß…ô  änt…õsoňź…ĺ…™√ß…ô g Ét…Ďňźlt…ôt,d…Ďňźfyňź…ĺ v…™…ĺt a…™n…ô  ämfaŇč…°…ĺa…™√ß…ô  änt…úzuňźx äŇč …°…ô Éta…ĺt…ôt
160,937d2af6-fc16-47b1-a53b-4dee4accc211/60006788a9d120691bc715e7a205b0f3d282f4b0356d807b1524687e1a9cf6ca.mp3,Ostschweiz,Thomas Wolf spricht ohne Mikrofon.,toňźm…Ďňźs v…Ēlf  Ép…ĺ…™√ßt oňźn…ô miňźk…ĺoňźfoňźn,t…õt…Ēmasv…Ēl fr…™t…Ēn…™ miňź k…ĺ…Ēfoňźn,toňźm…Ďňźs v…Ēlfr…™t reňźd…ôt oňźn…ô miňźk…ĺoňźfoňźn
161,831d404d-b189-42b6-8120-073c1f8af73c/446f0cf562e18444bdea21c421b01666dfca371fbabb16b0efd7be13bc259b79.mp3,Ostschweiz,Es g√§be sicher lohnenswerte Ziele f√ľr die n√§chsten Jahre.,…õs …°…õňźb…ô z…™√ß…ú loňźn…ônsveňź…ĺt…ô tsiňźl…ô fyňź…ĺ diňź n…õ√ßst…ôn j…Ďňźr…ô,…õs g…õp s…™√ß loňźn…ôn tsv…õ…ĺt diňź tsiňźl fyňź…ĺ diňź n…Ē…ĺst…õ j…Ēňź,…õs …°…õňźb…ô z…™√ß…ú loňźn…ônsveňź…ĺt…ô tsiňźl…ô fyňź…ĺ diňź n…õ√ßst…ôn j…Ďňźr…ô
162,d9be733d-d0bd-41bb-8dc5-dfcabb99c105/f3267d8400641b58e61f1b795790346252ec3bc4ede5c9ba2b16191471a96eaa.mp3,Ostschweiz,Dieser Betrag entspricht mehr als 25 Steuerprozenten.,diňźz…ú b…ôt…ĺ…Ďňźk …õnt Ép…ĺ…™√ßt meňź…ĺ als f Źnf  änttsvants…™√ß  Ét…Ē√ł…úp…ĺoňźts…õnt…ôn,d…õ…ĺ b…ôt…ĺ…Ďňźg…ôn  Ép…™√ßt meňź als fyňźv…õ ts…Ďňźns g Étyňź…ĺp…Ēt z…õnt,d…õ…ĺ b…ôt…ĺ…Ďňźk …õnt Ép…ĺ…™√ßt meňź…ĺ als f Źnf  änttsvants…™√ß p…ĺoňźts…õnt
163,831d404d-b189-42b6-8120-073c1f8af73c/0c631472bfe095ce2c93f5e80eb91a7c6239d7edd163b232ad402991f618f3c2.mp3,Ostschweiz,Wir verlosen 1 x 2 Tickets pro Konzert.,viňź…ĺ f…õ…ĺloňźz…ôn a…™ns …™ks tsva…™ t…™k…ôts p…ĺoňź k…Ēnts…õ…ĺt,m…™…ĺ f…õ…ĺloňźs…™t a…™m…Ďňźlsva…™ diňź g…™tsp…ĺ…Ēk…ĺoňźnts…õ…ĺt,viňź…ĺ f…õ…ĺlas…ôn a…™nm…Ďňźl tsva…™ t…™k…ôts p…ĺoňź k…Ēnts…õ…ĺt
164,684dd9cf-2844-407b-9a7f-12e7b559773f/9d41af88d9fde11a7f838da57c71096d93fb42019a31b4ad171a44ae4825b938.mp3,Ostschweiz,Die Kundschaft aus Frankreich sieht sich mit √§hnlichen Massnahmen konfrontiert.,diňź k änd Éaft a äs fraŇčk…ĺa…™√ß ziňźt z…™√ß m…™t …õňźnl…™√ß…ôn masn…Ďňźm…ôn k…Ēnfr…Ēntiňź…ĺt,…™√ßt Éaftfoňź fraŇčk…ĺyňź√ß gzeňź√ßt z…™√ß m…™t a…™n…™√ß…ôma Én…Ďňźm…ô g…ĺ äntf…Ētiňź…ĺt,diňź k änd Éaft f…Ēn fraŇčk…ĺa…™√ß ziňźt z…™√ß m…™t a…™n…™…°…ôn masn…Ďňźm…ôn k…Ēnfr…Ēntiňź…ĺt
165,0bda2f56-850b-4930-9370-89ba5bb5e80a/d73e791f2b0b4a243fd58aac9488c85eb44601c0a1a52f43d0eb2f98538550a8.mp3,Ostschweiz,Die L√§nge der Eins√§tze ist nicht von Belang.,diňź l…õŇč…ô d…õ…ĺ a…™nz…õts…ô …™st n…™√ßt f…Ēn b…ôlaŇč,l…õŇč…™ f…Ēňźr d…õ…ĺ iňźz…õts …™t n…õt f…Ēňźb…ôl…Ďňźn,diňź l…õŇč…ô d…õ…ĺ a…™nz…õts…ô …™st n…™√ßt f…Ēn b…ôlaŇč
166,d9be733d-d0bd-41bb-8dc5-dfcabb99c105/cb9f8895ec0d28f3ce450e737d7cedf47b635dd044eb2d2657a430f8844b4b8a.mp3,Ostschweiz,Reich w√§re er damit allerdings auch nicht geworden.,ra…™√ß v…õňźr…ô …õ…ĺ d…Ďňźm…™t al…úd…™Ňčs a äx n…™√ßt …°…ôv…Ē…ĺd…ôn,riňźr…ôn  č…õr…ôn…ôn mit …Ďl…ôt…™Ňčs …Ďn …™tv…Ēld…ôn,ra…™√ß v…õňźr…ô d…Ďňźm…™t al…úd…™Ňčs a äx n…™√ßt …°…ôv…Ē…ĺd…ôn
167,248e0121-1803-4980-a746-17ffbd799791/567283310516994ad0c410a6e6f8c39b01d3ffdecdc749648bb540a41218e059.mp3,Ostschweiz,Das Geschoss schlug demnach etwa 150 Meter entfernt vom OSZE-Fahrzeug ein.,das …°…ô É…Ēs  Éluňźk d…õmnax …õtv…Ďňź a…™nh änd…út f Źnfts…™√ß meňźt…ú …õntf…õ…ĺnt f…Ēm …Ēsts…ôf…Ďňź…ĺts…Ē√łk a…™n,…™t…ô  É…Ďs h…õt t…õm n…Ďňźx …õt…ô h…Ēn…ô f Źfts Égmeňźt…ĺ…™nt f…õ…ĺt f…Ēm …Ēs…ôt eňźf…ĺa…ĺtsuňźg…õl…õk…õn,das …°…ô É…Ēs…ô  Éluňźk d…õmnax …õtv…Ďňź a…™nh änd…út f Źnfts…™√ß meňźt…ú …õntf…õ…ĺnt f…Ēm …Ēsts…ôf…Ďňź…ĺts…Ē√łk a…™n
168,248e0121-1803-4980-a746-17ffbd799791/7df771225f560ceb9776ce906a6d10ad21a3dccc0149753623f9d60559e29ce7.mp3,Ostschweiz,Viele Frauen f√ľrchten sich vor der Chemotherapie und den Nebenwirkungen.,fiňźl…ô fra ä…ôn f Ź…ĺ√ßt…ôn z…™√ß f…Ē…ĺ d…õ…ĺ √ßeňźm…Ēteňźrapiňź  änt deňźn neňźb…ônv…™…ĺk äŇč…ôn,fiňźl…™ fra ä…ôn fŇď…ĺ√ßt…ô t…™√ß f…Ē…ĺ d…õ…ĺ k…õm…Ē diňźra biňź  änt deňź n…õb…ô v…õ…ĺk…ę…™g…ô,fiňźl…ô fra ä…ôn f Ź…ĺ√ßt…ôn z…™√ß f…Ē…ĺ d…õ…ĺ √ßeňźm…Ēteňźrapiňź  änt deňźn neňźb…ônv…™…ĺk äŇč…ôn
169,a677eda9-7709-4c9d-8656-e7b665140f3b/ef89b97961617561e96f7044e356ea1c3f859be9c7b7be19e2462981574f46c6.mp3,Ostschweiz,Ich habe immer neue Dinge ausprobiert.,…™√ß h…Ďňźb…ô …™m…ú n…Ē√ł…ô d…™Ňč…ô a äsp…ĺoňźbiňź…ĺt,i h…Ďňźiňźm…Ďňźn…Ēňźiňźz…Ďňźx…Ďňź …Ēsp…ĺ…Ēbiňź…ĺt,…™√ß h…Ďňźb…ô …™m…ú n…Ē√ł…ô d…™Ňč…ô a äsp…ĺoňźbiňź…ĺt
170,8d167b1c-7f89-4487-a0a9-2bbe08bf0b41/8e2f1d62372381832c1117952d701a23abc21dacf9919dc715a5211ff4728553.mp3,Ostschweiz,Andere Dinge w√§ren aus finanzieller Sicht viel interessanter gewesen.,and…ôr…ô d…™Ňč…ô v…õňźr…ôn a äs fiňźnantsj…õl…ú z…™√ßt fiňźl …™nt…ôr…õsant…ú …°…ôveňźz…ôn,and…ôri zax…ô v…õ…ĺ…õd äs fin…õnts…õl…ô ziňźxt fiňźl …™nt…õs…Ďňźnt…Ēks…™,and…ôr…ô d…™Ňč…ô v…õňźr…ôn a äs fiňźnantsj…õl…ú z…™√ßt fiňźl …™nt…ôr…õsant…ú …°…ôveňźz…ôn
171,d9be733d-d0bd-41bb-8dc5-dfcabb99c105/a8b24045725e5f1d4d836173ecb64871756878e9c141d06075159f97f76cd631.mp3,Ostschweiz,Und Winkelmann w√§hlt den Konjunktiv mit Bedacht., änt v…™nk…ôlman v…õňźlt deňźn k…Ēnj äŇčktiňźf m…™t b…ôdaxt, änd v…™nk…ôl maňź v…õlt…ô k…ĺ…Ēnj…Ēkt…™v m…™t b…ôdaxt,v…™nk…ôlman v…õňźlt deňźn k…Ēnj äŇčktiňźf m…™t b…ôdaxt
172,7f4b1ca8-c652-4056-96fb-f02e82182574/6498c4fd921499ef646d186ef31fd6d5f00504cc8a9953ec95de247b8b3a08eb.mp3,Ostschweiz,Im Zentrum von Illinois liegt die Hauptstadt Springfield.,…™m ts…õnt…ĺ äm f…Ēn …™liňźnoňź…™s liňźkt diňź ha äptstat  Ép…ĺ…™Ňčfiňźlt,…™ntsent…Ļ äm f…Ē…Ļ ili n…Ē…™s l…õ…Ļt a…™p…Ļt Éd íd…Ďkt sp…Ļ…™Ňč fild,…™m ts…õnt…ĺ äm f…Ēn …™liňźnoňź…™s liňźkt diňź ha äptstat  Ép…ĺ…™Ňčfiňźlt
173,7f4b1ca8-c652-4056-96fb-f02e82182574/25ae78df18abfc6499a1d240751fbdae9f71b298a49f6f78c11864b4b0dffc43.mp3,Ostschweiz,"Dies unabh√§ngig von Alter, Geschlecht und Funktion.",diňźs  änaph…õŇč…™√ß f…Ēn alt…ú …°…ô Él…õ√ßt  änt f äŇčktsjoňźn,…™t…ôn  än ap…õn…™k foňź alt…Ēk  Él…õft  änt f äxkts…™ än,diňźz…ôs  änaph…õŇč…™√ß f…Ēn alt…ú …°…ô Él…õ√ßt  änt f äŇčktsjoňźn
174,d9be733d-d0bd-41bb-8dc5-dfcabb99c105/dc3f127b083fa28e7d02221ca4e6771f4145ce1bdf6aaac0f9019e0d9ceff768.mp3,Ostschweiz,"Man weiss also, es braucht ein neues Ger√§t.",man va…™s alzoňź …õs b…ĺa äxt a…™n n…Ē√ł…ôs …°…ôr…õňźt,meňź va…™s …Ďňźls…ô …™s buňźxt …™s n…Ē√łs g…ĺ…õt,man va…™s alzoňź …õs b…ĺa äxt a…™n n…Ē√ł…ôs …°…ôr…õňźt
175,8d167b1c-7f89-4487-a0a9-2bbe08bf0b41/7eec4fc067a5cbac6d07794161c79935e7be858adf063203328be8a2bcd53ef0.mp3,Ostschweiz,"Die durchschnittliche Auslastung ist relativ tief, ausser beim Mittagstisch.",diňź d ä…ź√ß Én…™tl…™√ß…ô a äslast äŇč …™st reňźlatiňźf tiňźf a äs…ú ba…™m m…™takst…™ É,diňź duňź…ĺ É n…™√ßl…™√ßta äsla Ét…™g…™  Ér…õl…ôtiňźf dyňźf …Ēs…Ēd b…™m…™t…Ďňźgst…™ É,diňź d ä…ź√ß Én…™tl…™√ß…ô a äslast äŇč …™st reňźlatiňźf tiňźf a äs…ú ba…™m m…™takst…™ É
176,0bda2f56-850b-4930-9370-89ba5bb5e80a/5069d748cc3472e874470da4498816a81f7aa8fb26085a9ac1613fb881c4d928.mp3,Ostschweiz,Die FDP definiert sich hier mehrheitlich als traditionell.,diňź …õfdeňźpeňź deňźfiňźniňź…ĺt z…™√ß hiňź…ĺ meňź…ĺha…™tl…™√ß als t…ĺ…Ďdiňźtsjoňźn…õl,d…õft…ô peňź diňź fr…õ…ĺ t…™√ß d…õ…ĺ meňź…ĺha…™tl…™√ß als d…Ďňź…ĺd…™t…ôn a…™n,diňź …õfdeňźpeňź deňźfiňźniňź…ĺt z…™√ß hiňź…ĺ meňź…ĺha…™tl…™√ß als t…ĺ…Ďdiňźtsjoňźn…õl
177,72911186-8b0e-4c0b-af3d-4d8765072930/5f3e1982ede2be49dacf9fb4af0eaf100d768d391d8d332982bc2a65272a8e0e.mp3,Ostschweiz,Fr√ľher behandelte man Vorst√∂sse zum Budget zusammen mit dem Budget.,fryňź…ú b…ôhand…ôlt…ô man foňź…ĺ ÉtŇďs…ô ts äm b äd…°…ôt tsuňźzam…ôn m…™t deňźm b äd…°…ôt,fr…õn…Ē h√¶t m…Ēl f…Ď…Ļ Ét…õs t É Ćm b ät É…™t s…õlm…ôm…™t …õm b ät É…ô b…ôh Ćnd…ôt,fryňź…ú hat man foňź…ĺ Ét√łňźs…ô ts äm b äd…°…ôt tsuňźzam…ôn m…™t deňźm b äd…°…ôt b…ôhand…ôlt
178,248e0121-1803-4980-a746-17ffbd799791/1a8ac4c8ec3f81a771202cc1988b1c75eb3055a061c40404b8627356c625d243.mp3,Ostschweiz,"Wichtig ist, dass wir das einleiten, zusammenarbeiten und Vertrauen haben.",v…™√ßt…™√ß …™st das viňź…ĺ das a…™nla…™t…ôn tsuňźzam…ôna…ĺba…™t…ôn  änt f…õ…ĺt…ĺa ä…ôn h…Ďňźb…ôn,v…™√ßt…™g …™√ßt d…Ďs meňźr d…Ďs iňźla…™t…ôt ts…õm…ôna…ĺba…™t…ôt  änt f…õ…ĺt…ĺa ä…ô h…õnd,v…™√ßt…™√ß …™st das viňź…ĺ diňźs a…™nla…™t…ôn tsuňźzam…ôna…ĺba…™t…ôn  änt f…õ…ĺt…ĺa ä…ôn h…Ďňźb…ôn
179,684dd9cf-2844-407b-9a7f-12e7b559773f/775ac33a401e39ab0263423ca7c50faab87fb7164346f74332f462306c7ca6bf.mp3,Ostschweiz,Dagegen sperrte sich aber die b√ľrgerliche Mehrheit im Nationalrat.,da…°eňź…°…ôn  Ép…õ…ĺt…ô z…™√ß …Ďňźb…ú diňź b Ź…ĺ…°…úl…™√ß…ô meňź…ĺha…™t …™m natsjoňźnalr…Ďňźt,…™n g…õg…ĺ  Épeňź…ĺt z…™√ß a…™b…õ…ĺ diňź b Źg…ôl…™√ß…™ meňź ha…™t im nats…™…Ēn…Ďňźl …ĺ…Ēt,da…°eňź…°…ôn  Ép Ź…ĺt z…™√ß diňź b Ź…ĺ…°…úl…™√ß…ô meňź…ĺha…™t …™m natsjoňźnalr…Ďňźt
180,72911186-8b0e-4c0b-af3d-4d8765072930/8edfbde8732bb921ea823e4351f03b28b9c307d6bfb529251d31bf5ec22f5395.mp3,Ostschweiz,"Im Vergleich zum Vorjahr stieg der Konsum um 3,3 Prozent.",…™m f…õ…ĺ…°la…™√ß ts äm foňź…ĺj…Ďňź…ĺ  Étiňźk d…õ…ĺ k…Ēnz äm  äm d…ĺa…™ d…ĺa…™ p…ĺoňźts…õnt,…™m f…Ērgiňźxt ts äm f…Ďňźr j…Ēňźr …™st …õkk…Ēns…Ēm  änt d…Ļ Źk k…Ēm…õntr Źp p…Ēts…õnt g Ét…™g…õ,…™m f…õ…ĺ…°la…™√ß ts äm foňź…ĺj…Ďňź…ĺ  Étiňźk d…õ…ĺ k…Ēnz äm  äm d…ĺa…™ d…ĺa…™ p…ĺoňźts…õnt
181,a677eda9-7709-4c9d-8656-e7b665140f3b/e7206cf7cfde1800ff549878d53263b7338fc066642795d406e7f7fdcae36d5f.mp3,Ostschweiz,Somit geht es nur noch um die ersten drei Punkte.,zoňźm…™t …°eňźt …õs nuňź…ĺ n…Ēx  äm diňź eňź…ĺst…ôn d…ĺa…™ p äŇčkt…ô,soňźmi g…Ďňźd n…Ēn  änt diňź…ĺ  Ét…õ d…ĺypňź…™Ňčkt,zoňźm…™t …°eňźt …õs nuňź…ĺ n…Ēx  äm diňź eňź…ĺst…ôn d…ĺa…™ p äŇčkt…ô
182,d9be733d-d0bd-41bb-8dc5-dfcabb99c105/d69709b249335f333635efa0e8a4b71c075951f57f6bc4c54312c80995a40d94.mp3,Ostschweiz,Und Gitarre spielen kann er auch., änt …°iňźtar…ô  Épiňźl…ôn kan …õ…ĺ a äx, än kiňźtaňźr  Épiňźl…ô x…Ďňźn…ô…ĺ…Ďňź, änt …°iňźtar…ô  Épiňźl…ôn kan …õ…ĺ a äx
183,8d167b1c-7f89-4487-a0a9-2bbe08bf0b41/80d72e3c1f01e689eb9d813b3b3e0c708c5dded52fe14ba7e5f76e3904a16636.mp3,Ostschweiz,Die Einf√ľhrung einer neuen Steuer bereitet der Fraktion GLP nicht wirklich Freude.,diňź a…™nfyňźr äŇč a…™n…ú n…Ē√ł…ôn  Ét…Ē√ł…ú b…ôra…™t…ôt d…õ…ĺ fraktsjoňźn …°eňź…õlpeňź n…™√ßt v…™…ĺkl…™√ß fr…Ē√łd…ô,diňź fyňźr…™k f…Ēn r…õn…Ēiňź  Étyňź…ĺ maxt d…õ…ĺ frakts…™oňźn g…õlp…õ…™ n…™t vyňź…ĺk…õ√ßf…Ē√łňźt,diňź a…™nfyňźr äŇč a…™n…ú n…Ē√ł…ôn  Ét…Ē√ł…ú maxt d…õ…ĺ fraktsjoňźn …°eňź…õlpeňź n…™√ßt v…™…ĺkl…™√ß fr…Ē√łd…ô
184,0bda2f56-850b-4930-9370-89ba5bb5e80a/34ab5c13a402a0d68374e408381389dd7f5e01621c5790184552d6d2d22a14ff.mp3,Ostschweiz,Der Fiko danke ich herzlich f√ľr die intensive Zusammenarbeit.,d…õ…ĺ fiňźkoňź daŇčk…ô …™√ß h…õ…ĺtsl…™√ß fyňź…ĺ diňź …™nt…õnziňźv…ô tsuňźzam…ôna…ĺba…™t,…õn viňźk…ĺoňź t…õnk…ĺiňź …õ…ĺtsl…™√ß f…õ…ĺiňźnt…õn zifňźts…õn m…õ…ĺv…õ…™t,deňźn fiňź koňź d…õŇčk…ô …™√ß h…õ…ĺtsl…™√ß fyňź…ĺ diňź …™nt…õnz…™vtsuňźzam…ôna…ĺba…™t
185,a677eda9-7709-4c9d-8656-e7b665140f3b/b577cab36e4910c3425b326709dcf40bdbbd57cd623c605bafffc7745a7eb3f0.mp3,Ostschweiz,Die Frau musste sich vor der Sendung einiges anh√∂ren.,diňź fra ä m äst…ô z…™√ß f…Ē…ĺ d…õ…ĺ z…õnd äŇč a…™n…™…°…ôs anh√łňźr…ôn,…™t fra ä h…õt s…™√ß f…Ē…ĺt…ô z…õnd…™√ß a…™n…™g…ôs ala äs…ô miňź…õs…ô,diňź fra ä m äst…ô z…™√ß f…Ē…ĺ d…õ…ĺ z…õnd äŇč a…™n…™…°…ôs anh√łňźr…ôn
186,684dd9cf-2844-407b-9a7f-12e7b559773f/ca05d052a92af5cafc420d2c01f86b6c08c7aa620f598c1d4e741a349fbbd6a5.mp3,Ostschweiz,"Aber da besteht die Gefahr, dass ein Spekulant das Rennen macht.",…Ďňźb…ú d…Ďňź b…ô Éteňźt diňź …°…ôf…Ďňź…ĺ das a…™n  Épeňźkuňźlant das r…õn…ôn maxt,…Ďňźb…õs b…™ Ét…Ēňźt gf…Ēňźr das…ôn  Ép…õk…ôlants r…õn…ômaxt,…Ďňźb…ú …õs b…ô Éteňźt …°…ôf…Ďňź…ĺ das a…™n  Ép…õk…úlant das r…õn…ôn maxt
187,7434adf8-538b-48d6-8bab-c1af135ce063/ef44c45a1c789dcd35fd441ebdb5ff64043d4c730d88b0fb64061aa86400dc6a.mp3,Ostschweiz,Weiter begr√ľsse ich die Presse.,va…™t…ú b…ô…°…ĺ Źs…ô …™√ß diňź p…ĺ…õs…ô,viňźt…Ē b…ôgr√łňźs…™√ß p…ĺ…õs,va…™t…ú b…ô…°…ĺ Źs…ô …™√ß diňź p…ĺ…õs…ô
188,937d2af6-fc16-47b1-a53b-4dee4accc211/7e0e2667f573296d2c66cf3cbaf5a45d64ffd9e70f944204fa861baa561d8996.mp3,Ostschweiz,Wobei man dann als Gemeinde auch entsprechend h√∂here Abschreibungen zu tragen hat.,voňźba…™ man dan als …°…ôma…™nd…ô a äx …õnt Ép…ĺ…õ√ß…ônt h√łňź…ôr…ô ap Éra…™b äŇč…ôn tsuňź t…ĺ…Ďňź…°…ôn hat,v…Ēňźbiňź m…Ēňźd…õn als gma…™nda ä …™nt Ép…ĺ…õ√ß…ônt h√łňźx…ôriňź …Ďňźb Ériňźb…™g…ôtsd…ĺ…õg…ô h…õt,voňźba…™ man dan als …°…ôma…™nd…ô a äx …õnt Ép…ĺ…õ√ß…ônt h√łňź…ôr…ô ap Éra…™b äŇč…ôn tsuňź t…ĺ…Ďňź…°…ôn hat
189,684dd9cf-2844-407b-9a7f-12e7b559773f/f47a93dfd559dc0370c2b49d94fd35e22a9f424d9fea5edd00970a3c4f0e8448.mp3,Ostschweiz,Manchmal ist schlicht das Auto schuld.,man√ßm…Ďňźl …™st  Él…™√ßt das a ätoňź  É ält,m√¶ng m…õ…™…™…™…™ …Ďňźrf…Ēx za ät d…õ Éoňźd,man√ßm…Ďňźl …™st a…™nfax das a ätoňź  É ält
190,248e0121-1803-4980-a746-17ffbd799791/7b4576cf8d45ce96b13b8d7d0567423fc111921cf30f71f3cde92eecab3c26f5.mp3,Ostschweiz,Gerne wird er sein Engagement nun als Vizepr√§sident des Einwohnerrates weiterf√ľhren.,…°…õ…ĺn…ô v…™…ĺt …õ…ĺ za…™n …õŇča…°eňźm…õnt nuňźn als fiňźts…õp…ĺ…õňźziňźd…õnt d…õs a…™nvoňźn…úr…Ďňźt…ôs va…™t…úfyňźr…ôn,pern vio Ét…õsis …Ďn ga í…õm…Ēňź  í…õst…Ďňźs fi Éi p…Ēsid…õn f Ā äm iv…Ďn  Ā…Ďňźt vit…Ē fy…ĺ,b…õ…ĺn…ú v…™…ĺt za…™n …õŇča…°eňźm…õnt nuňźn als fiňźts…õp…ĺ…õňźziňźd…õnt d…õs a…™nvoňźn…úr…Ďňźt…ôs va…™t…úfyňźr…ôn
191,7f4b1ca8-c652-4056-96fb-f02e82182574/376019f40c016facc0cbc6d3894ffc456fc3dacff4600f74f3c80e24424436b5.mp3,Ostschweiz,Wer definiert diese Zeitperioden und Tageszeiten im voraus?,veňź…ĺ deňźfiňźniňź…ĺt diňźz…ô tsa…™tpeňźr…™oňźd…ôn  änt t…Ď…°…õstsa…™t…ôn …™m foňźra äs,veňź…ĺt…™finiňź…ĺt t…™ ts…™t p…õ…ĺiňźot…™ änt pak…™st…™t…õ …™n foňź…ĺuňźls,veňź…ĺ deňźfiňźniňź…ĺt diňź tsa…™tpeňźr…™oňźd…ô  änt diňź t…Ď…°…õstsa…™t…ôn …™n foňźra äs
192,7f4b1ca8-c652-4056-96fb-f02e82182574/460045382b1f5a58f5e37af3945e76d724140fba93027957388a4bef345d1114.mp3,Ostschweiz,"Insgesamt muss die UBS gem√§ss einer Sprecherin 16,6 Millionen Euro bezahlen.",…™ns…°eňźzamt m äs diňź uňźbeňź…õs …°…ôm…õs a…™n…ú  Ép…ĺ…õ√ß…ôr…™n z…õ√ßtseňźn z…õks m…™ljoňźn…ôn …Ē√łroňź b…ôts…Ďňźl…ôn,…™ntg…õzant m ält uňźb…õňźs g…ôm…õs…ôr…õs p…ĺ…õ√ß…ôr…™n z…õxt z…™√ß k…Ēm …õs…ôxzm…™l…™oňźl…Ē√ł…ĺ…Ēts…õl…õn,…™ns…°eňźzamt m äs diňź uňźbeňź…õs …°…ôm…õs a…™n…ú  Ép…ĺ…õ√ß…ôr…™n z…õ√ßtseňźn z…õks m…™oňź …Ē√łroňź ts…õňźl…ôn
193,a677eda9-7709-4c9d-8656-e7b665140f3b/f9d58273f6abc3d0802b4d1810fd7d3287f9db4086a4bdd8c389578111c89f76.mp3,Ostschweiz,Bei Auftr√§gen dieser Art sind jedoch hohe Rabatte √ľblich.,ba…™ a äft…ĺ…õňź…°…ôn diňźz…ú …Ďňź…ĺt z…™nt jeňźd…Ēx hoňź…ô r…Ďbat…ô yňźpl…™√ß,b Źňź äft…ĺ…õk f…Ē d…õr…ôn n…Ďňźt z…™nt iňź…ĺ d…Ďňźx hoňź…ĺa batyňźbl…™√ß,ba…™ a äft…ĺ…õňź…°…ôn diňźz…ú …Ďňź…ĺt z…™nt jeňźd…Ēx hoňź…ô r…Ďbat…ôn yňźpl…™√ß
194,d9be733d-d0bd-41bb-8dc5-dfcabb99c105/eaf5b3dc5434c77a877da6b39d7dc9341afa25c4e6e984e6cd63dc79880b3f47.mp3,Ostschweiz,Wir sind Politiker und sollen uns um Belange und Anliegen k√ľmmern.,viňź…ĺ z…™nt poňźliňźtiňźk…ú  änt z…Ēl…ôn  äns  äm b…ôlaŇč…ô  änt anliňź…°…ôn k Źm…ún,miňź z…™m p…Ēliňźtikr…Ďňź  änt s√łňźd…ô √łňźs  äms b…ôl…Ďňźg…ôn …Ďňźliňźg…ô g…ĺyňźm…ôr…ô,viňź…ĺ z…™nt poňźliňźtiňźk…ú  änt z…Ēl…ôn  äns  äm das b…ôlaŇč…ôn  änt anliňź…°…ôn k Źm…ún
195,d9be733d-d0bd-41bb-8dc5-dfcabb99c105/fbff675cf2bcd00a84a28f78a0d43dbb3eb62c0054dd4817c4d7aea51876840b.mp3,Ostschweiz,Ich habe offizielle Termine und treffe in der Schweiz Freunde.,…™√ß h…Ďňźb…ô …Ēfiňźtsj…õl…ô t…õ…ĺmiňźn…ô  änt t…ĺ…õf…ô …™n d…õ…ĺ  Éva…™ts fr…Ē√łnd…ô,…™√ß ha…™n …Ēfiňźts…õl…™t…õ miňźn…õ …õn d…ĺ…õf a…™d…õn  Éliňźts f…ĺ…™Ňčd…ô,…™√ß h…Ďňźb…ô …Ēfiňźtsj…õl…ô t…õ…ĺmiňźn…ô  änt t…ĺ…õf…ôn …™n d…õ…ĺ  Éva…™ts fr…Ē√łnd…ô
196,0bda2f56-850b-4930-9370-89ba5bb5e80a/cb76930dfd45ad9f245087a13d63bbfa7aca606354e665bb394dcbbd511d9471.mp3,Ostschweiz,Der Pr√§zisierungsvorschlag wurde mit 10 Ja-Stimmen gegen 1 Nein-Stimme angenommen.,d…õ…ĺ p…ĺ…õňźtsiňźziňźr äŇčsfoňź…ĺ Él…Ďňźk v ä…źd…ô m…™t tseňźn j…Ďňź Ét…™m…ôn …°eňź…°…ôn a…™ns na…™n Ét…™m…ô an…°…ôn…Ēm…ôn,d…õ…ĺ p…ĺ…õts…™ziňźr…™ks foňź…ĺ Él…Ďňźk …™√ß miňźts…õl j…Ďňźr Ét…™m…ô geňźg…ô a…™na…™st…™m…ô a…ĺkn äx v…Ē…ĺt…ô,d…õ…ĺ p…ĺ…õňźtsiňźziňźr äŇčsfoňź…ĺ Él…Ďňźk v ä…źd…ô m…™t tseňźn j…Ďňź …°eňź…°…ôn a…™ns na…™n Ét…™m…ôn an…°…ôn…Ēm…ôn
197,a677eda9-7709-4c9d-8656-e7b665140f3b/e6855ec65d3642bdca2c06013f33667553f8aaf9b88ff13521bad31e48f28a62.mp3,Ostschweiz,Letztendlich erwirtschaften sie keine √úbersch√ľsse und leben deshalb vom Kapitalverzehr.,l…õtst…ôntl…™√ß …õ…ĺv…™…ĺt Éaft…ôn ziňź ka…™n…ô yňźb…ú É Źs…ô  änt leňźb…ôn d…õshalp f…Ēm k…Ďpiňźtalf…útseňź…ĺ,leňźt  Ét…õntl…™√ß …õ…ĺ viňź…ĺt Éaft…ô tsiňźk…Ďňźl yňźb…ĺ Éyňźs  änt la…™b…õt d…ĺuňźm f…Ēm kap…™t…Ďňźl f…õ…ĺtseňź…ĺ,l…õtst…ôntl…™√ß …õ…ĺv…™…ĺt Éaft…ôn ziňź ka…™n…ô yňźb…ú É Źs…ô  änt leňźb…ôn d…õshalp f…Ēm k…Ďpiňźtalf…útseňź…ĺ
198,0bda2f56-850b-4930-9370-89ba5bb5e80a/a7e938887f5dd9d0f7b21a6f780bc51a324354418fa8e75a610fe210c8afca5e.mp3,Ostschweiz,Ich halte ihn eher f√ľr eine bewusste grobe Beleidigung.,…™√ß halt…ô iňźn eňź…ú fyňź…ĺ a…™n…ô b…ôv äst…ô …°…ĺoňźb…ô b…ôla…™d…™…° äŇč,…™√ß h…Ďňźl diňź n…õ…ĺ …Ďňźf Źňź…ĺ …Ďňźn b…ôwst g…ĺ…Ēp …™b…ôl a…™d…ôk…™k,…™√ß halt…ô iňźn eňź…ú fyňź…ĺ a…™n…ô b…ôv äst …°…ĺoňźb…ô b…ôla…™d…™…° äŇč
199,7f4b1ca8-c652-4056-96fb-f02e82182574/2fc5af4c2ac38968a1082008050bb065ca7930377850df6c31a834a3d73eb248.mp3,Ostschweiz,Es handelt sich hier um hochaktuelle Anliegen.,…õs hand…ôlt z…™√ß hiňź…ĺ  äm hoňźxaktuňź…õl…ô anliňź…°…ôn,…õs h…Ďndz…ôt z…™√ß d…Ďňź…ĺ  äm hoňźx aktňźuňź…õl…™ al…™g…ô,…õs hand…ôlt z…™√ß hiňź…ĺ  äm hoňźxaktuňź…õl…ô anliňź…°…ôn
